Entry_1;Entry_2;PDB_1;PDB_2;Interacting Chains_1;Interacting Chains_2;chains_mapping;Mutation(s)_1;Mutation(s)_2;Mutation(s)_in_raw_pdb_1;Mutation(s)_in_raw_pdb_2;Reference_1;Reference_2;DDGb_1;DDGb_2;DDGb_list_1;DDGb_list_2;tail_gaps;internal_gaps;additional_mutations;WARNING
22,35;27;1TM1;1Y1K;E:I;E:I;EI>EI;TI39A;AI39T;TI58A;AI58T;7947796,15865427;15865427;2.649;-2.649;2.571,2.727;-2.727;0;0;0;XXX
36;28;1TM1;1Y33;E:I;E:I;EI>EI;TI39P;PI39T;TI58P;PI58T;15865427;15865427;3.754;-3.754;3.754;-3.754;0;0;0;XXX
23,37;29;1TM1;1Y34;E:I;E:I;EI>EI;EI41A;AI41E;EI60A;AI60E;7947796,15865427;15865427;2.988;-2.988;2.923,3.053;-3.053;0;0;0;XXX
38;30;1TM1;1Y3B;E:I;E:I;EI>EI;EI41S;SI41E;EI60S;SI60E;15865427;15865427;2.747;-2.747;2.747;-2.747;0;0;0;XXX
40;32;1TM1;1Y3C;E:I;E:I;EI>EI;RI43A;AI43R;RI62A;AI62R;15865427;15865427;1.256;-1.256;1.256;-1.256;0;0;0;XXX
17,41;33;1TM1;1Y48;E:I;E:I;EI>EI;RI46A;AI46R;RI65A;AI65R;10065709,15865427;15865427;3.416;-3.416;3.078,3.754;-3.754;0;0;0;XXX
18,42;34;1TM1;1Y3D;E:I;E:I;EI>EI;RI48A;AI48R;RI67A;AI67R;10065709,15865427;15865427;3.01;-3.01;2.922,3.097;-3.097;0;0;0;XXX
49;43;1TM1;1TM4;E:I;E:I;EI>EI;MI40G;GI40M;MI59G;GI59M;15504027;15504027;2.232;-2.232;2.232;-2.232;0;0;0;XXX
50;44;1TM1;1TM5;E:I;E:I;EI>EI;MI40A;AI40M;MI59A;AI59M;15504027;15504027;1.027;-1.027;1.027;-1.027;0;0;0;XXX
51;45;1TM1;1TM3;E:I;E:I;EI>EI;MI40K;KI40M;MI59K;KI59M;15504027;15504027;1.093;-1.093;1.093;-1.093;0;0;0;XXX
52;46;1TM1;1TM7;E:I;E:I;EI>EI;MI40Y;YI40M;MI59Y;YI59M;15504027;15504027;0.056;-0.056;0.056;-0.056;0;0;0;XXX
53;47;1TM1;1TMG;E:I;E:I;EI>EI;MI40F;FI40M;MI59F;FI59M;15504027;15504027;1.027;-1.027;1.027;-1.027;0;0;0;XXX
15,54;48;1TM1;1TO1;E:I;E:I;EI>EI;YI42A;AI42Y;YI61A;AI61Y;10065709,15504027;15504027;2.58;-2.58;2.179,2.98;-2.98;0;0;0;XXX
XXX;XXX;1Y1K;1Y33;E:I;E:I;EI>EI;AI39P;PI39A;AI58P;PI58A;XXX;XXX;XXX;XXX;XXX;XXX;0;0;0;XXX
XXX;XXX;1Y34;1Y3B;E:I;E:I;EI>EI;AI41S;SI41A;AI60S;SI60A;XXX;XXX;XXX;XXX;XXX;XXX;0;0;0;XXX
XXX;XXX;1TM4;1TM5;E:I;E:I;EI>EI;GI40A;AI40G;GI59A;AI59G;XXX;XXX;XXX;XXX;XXX;XXX;0;0;0;XXX
XXX;XXX;1TM4;1TM3;E:I;E:I;EI>EI;GI40K;KI40G;GI59K;KI59G;XXX;XXX;XXX;XXX;XXX;XXX;0;0;0;XXX
XXX;XXX;1TM4;1TM7;E:I;E:I;EI>EI;GI40Y;YI40G;GI59Y;YI59G;XXX;XXX;XXX;XXX;XXX;XXX;0;0;0;XXX
XXX;XXX;1TM4;1TMG;E:I;E:I;EI>EI;GI40F;FI40G;GI59F;FI59G;XXX;XXX;XXX;XXX;XXX;XXX;0;0;0;XXX
XXX;XXX;1TM5;1TM3;E:I;E:I;EI>EI;AI40K;KI40A;AI59K;KI59A;XXX;XXX;XXX;XXX;XXX;XXX;0;0;0;XXX
XXX;XXX;1TM5;1TM7;E:I;E:I;EI>EI;AI40Y;YI40A;AI59Y;YI59A;XXX;XXX;XXX;XXX;XXX;XXX;0;0;0;XXX
XXX;XXX;1TM5;1TMG;E:I;E:I;EI>EI;AI40F;FI40A;AI59F;FI59A;XXX;XXX;XXX;XXX;XXX;XXX;0;0;0;XXX
XXX;XXX;1TM3;1TM7;E:I;E:I;EI>EI;KI40Y;YI40K;KI59Y;YI59K;XXX;XXX;XXX;XXX;XXX;XXX;0;0;0;XXX
XXX;XXX;1TM3;1TMG;E:I;E:I;EI>EI;KI40F;FI40K;KI59F;FI59K;XXX;XXX;XXX;XXX;XXX;XXX;0;0;0;XXX
XXX;XXX;1TM7;1TMG;E:I;E:I;EI>EI;YI40F;FI40Y;YI59F;FI59Y;XXX;XXX;XXX;XXX;XXX;XXX;0;0;0;XXX
118,190;191;1BRS;1X1W;A:D;A:D;AD>AD;ED78A;AD81E;ED80A;AD80E;7739054,ChemicalPhysics_V307_I2-3;ChemicalPhysics_V307_I2-3;0.477;-0.477;0.543,0.41;-0.41;1;0;0;XXX
117,189;192;1BRS;1X1X;A:D;A:D;AD>AD;ED74A;AD76E;ED76A;AD76E;7739054,ChemicalPhysics_V307_I2-3;ChemicalPhysics_V307_I2-3;1.094;-1.094;1.364,0.823;-0.823;0;0;0;XXX
252;267;1AK4;1M9E;A:D;A:D;AD>AD;HD87A;AD76H;HD487A;AD87H;9223641;9223641;1.01;-1.01;1.01;-1.01;2;0;0;XXX
364,2132;534;1VFB;1KIQ;AB:C;AB:C;ABC>ABC;YB101F;FB101Y;YB101F;FB101Y;8703938,9609690;8952503;1.678;-1.678;0.953,1.586;-2.495;0;0;0;XXX
355,2127;535;1VFB;1KIP;AB:C;AB:C;ABC>ABC;YB32A;AB32Y;YB32A;AB32Y;8703938,9609690;8952503;0.795;-0.795;0.46,1.123;-0.801;0;0;0;XXX
XXX;536;1VFB;1KIR;AB:C;AB:C;ABC>ABC;YA50S;SA50Y;YA50S;SA50Y;XXX;8952503;1.387;-1.387;XXX;-1.387;0;0;0;XXX
388,392;390,394;2GOX;3D5S;A:B;A:C;AB>AC;RB31A;AC31R;RB131A;AC41R;18687868,18687868;18687868,18687868;1.882;-1.882;2.246,1.519;-2.246,-1.519;0;0;0;XXX
389,393;391,395;2GOX;3D5R;A:B;A:C;AB>AC;NB38A;AC38N;NB138A;AC48N;18687868,18687868;18687868,18687868;1.451;-1.451;1.569,1.333;-1.569,-1.333;0;0;0;XXX
461;481;2VLP;1EMV;A:B;A:B;AB>AB;AB54R;RB54A;AB54R;RB54A;18471830;18471830;-1.666;1.666;-1.666;1.666;0;0;0;XXX
462;484;2VLN;1EMV;A:B;A:B;AB>AB;AB75N;NB75A;AB75N;NB75A;18471830;18471830;-2.335;2.335;-2.335;2.335;0;0;0;XXX
463;488;2VLQ;1EMV;A:B;A:B;AB>AB;AB86F;FB86A;AB86F;FB86A;18471830;18471830;-3.879;3.879;-3.879;3.879;0;0;0;XXX
464;491;2VLO;1EMV;A:B;A:B;AB>AB;AB95K;KB97A;AB97K;KB97A;18471830;18471830;-1.96;1.96;-1.96;1.96;7;0;0;XXX
513;532;1EMV;1FR2;A:B;A:B;AB>AB;EA39A;AA39E;EA41A;AA41E;9425068;9425068;2.083;-2.083;2.083;-2.083;0;0;0;XXX
522;533;1EMV;2GYK;A:B;A:B;AB>AB;DA49A;AA49D;DA51A;AA51D;9425068;9425068;5.915;-5.915;5.915;-5.915;0;0;0;XXX
843;885;1S0W;1JTG;A:C;A:B;AC>AB;AC142F;FB142A;AC1142F;FB142A;15618400;15618400;-2.102;2.102;-2.102;2.102;0;0;2;Two additional mutations in the other chain (not the chain of the mutation), far from the interface
XXX;XXX;2B0Z;2B10;A:B;A:B;AB>AB;IB87S;SB87I;IB82S;SB82I;XXX;XXX;XXX;XXX;XXX;XXX;0;0;0;XXX
XXX;XXX;2B0Z;2B11;A:B;A:B;AB>AB;IB87W;WB87I;IB82W;WB382I;XXX;XXX;XXX;XXX;XXX;XXX;0;0;0;XXX
XXX;XXX;2B0Z;2B12;A:B;A:B;AB>AB;IB87Y;YB87I;IB82Y;YB82I;XXX;XXX;XXX;XXX;XXX;XXX;0;0;0;XXX
XXX;XXX;2B10;2B11;A:B;A:B;AB>AB;SB87W;WB87S;SB82W;WB382S;XXX;XXX;XXX;XXX;XXX;XXX;0;0;0;XXX
XXX;XXX;2B10;2B12;A:B;A:B;AB>AB;SB87Y;YB87S;SB82Y;YB82S;XXX;XXX;XXX;XXX;XXX;XXX;0;0;0;XXX
XXX;XXX;2B11;2B12;A:B;A:B;AB>AB;WB87Y;YB87W;WB382Y;YB82W;XXX;XXX;XXX;XXX;XXX;XXX;0;0;0;XXX
XXX;XXX;1DQJ;1XGU;AB:C;AB:C;ABC>ABC;YB33F;FB33Y;YB33F;FB33Y;XXX;XXX;XXX;XXX;XXX;XXX;0;0;0;XXX
1206;XXX;1DQJ;1XGP;AB:C;AB:C;ABC>ABC;YB33A;AB33Y;YB33A;AB33Y;12515535;XXX;5.524;-5.524;5.524;XXX;1;0;0;XXX
XXX;XXX;1DQJ;1XGQ;AB:C;AB:C;ABC>ABC;YB33V;VB33Y;YB33V;VB33Y;XXX;XXX;XXX;XXX;XXX;XXX;1;0;0;XXX
XXX;XXX;1DQJ;1XGR;AB:C;AB:C;ABC>ABC;YB33I;IB33Y;YB33I;IB33Y;XXX;XXX;XXX;XXX;XXX;XXX;3;0;0;XXX
XXX;XXX;1DQJ;1XGT;AB:C;AB:C;ABC>ABC;YB33L;LB33Y;YB33L;LB33Y;XXX;XXX;XXX;XXX;XXX;XXX;1;0;0;XXX
1258,1273;1259;2G2U;2G2W;A:B;A:B;AB>AB;DA79K;KA79D;DA104K;KA104D;16809340,21294157;16809340;-0.563;0.563;-0.453,-0.673;0.453;0;0;0;XXX
1272;1282;2G2U;3N4I;A:B;A:B;AB>AB;DA79E;EA79D;DA104E;EA104D;21294157;21294157;-4.397;4.397;-4.397;4.397;0;0;0;XXX
1343;3138;2FTL;3BTG;E:I;E:I;EI>EI;KI15G;GI13K;KI15G;GI515K;10339415;10339415;12.222;-12.222;12.222;-12.222;0;1;1;One additional mutation in the same chain but far from the interface
1347;3143;2FTL;3BTT;E:I;E:I;EI>EI;KI15T;TI13K;KI15T;TI515K;10339415;10339415;10.486;-10.486;10.486;-10.486;0;1;1;One additional mutation in the same chain but far from the interface
1348;3135;2FTL;3BTD;E:I;E:I;EI>EI;KI15D;DI13K;KI15D;DI515K;10339415;10339415;11.382;-11.382;11.382;-11.382;0;1;1;One additional mutation in the same chain but far from the interface
1350;3140;2FTL;3BTM;E:I;E:I;EI>EI;KI15M;MI13K;KI15M;MI515K;10339415;10339415;7.612;-7.612;7.612;-7.612;0;1;1;One additional mutation in the same chain but far from the interface
1353;3136;2FTL;3BTE;E:I;E:I;EI>EI;KI15E;EI13K;KI15E;EI515K;10339415;10339415;9.325;-9.325;9.325;-9.325;0;1;1;One additional mutation in the same chain but far from the interface
1354;3141;2FTL;3BTQ;E:I;E:I;EI>EI;KI15Q;QI13K;KI15Q;QI515K;10339415;10339415;9.272;-9.272;9.272;-9.272;0;1;1;One additional mutation in the same chain but far from the interface
1355;3139;2FTL;3BTH;E:I;E:I;EI>EI;KI15H;HI13K;KI15H;HI515K;10339415;10339415;8.689;-8.689;8.689;-8.689;0;1;1;One additional mutation in the same chain but far from the interface
1357;3137;2FTL;3BTF;E:I;E:I;EI>EI;KI15F;FI13K;KI15F;FI515K;10339415;10339415;6.953;-6.953;6.953;-6.953;0;1;1;One additional mutation in the same chain but far from the interface
1359;3142;2FTL;3BTW;E:I;E:I;EI>EI;KI15W;WI13K;KI15W;WI515K;10339415;10339415;8.573;-8.573;8.573;-8.573;0;1;1;One additional mutation in the same chain but far from the interface
XXX;XXX;2G2W;3N4I;A:B;A:B;AB>AB;KA79E;EA79K;KA104E;EA104K;XXX;XXX;XXX;XXX;XXX;XXX;0;0;0;XXX
1777,1778,1779,1780,1781,1782,1783,1784,1785,1786;1834,1835,1836,1837,1838,1839,1840,1841,1842,1843;3MZG;3N06;A:B;A:B;AB>AB;HA14A;AA14H;HA27A;AA27H;20889499,20889499,20889499,20889499,20889499,20889499,20889499,20889499,20889499,20889499;20889499,20889499,20889499,20889499,20889499,20889499,20889499,20889499,20889499,20889499;-0.019;0.019;-0.091,-0.148,-0.375,-0.199,-0.168,-0.077,0.126,0.123,0.292,0.324;0.091,0.148,0.375,0.199,0.168,0.077,-0.126,-0.123,-0.292,-0.324;0;0;0;XXX
1796,1797,1798,1799,1800,1801,1802,1803,1804,1805;1844,1845,1846,1847,1848,1849,1850,1851,1852,1853;3MZG;3N0P;A:B;A:B;AB>AB;HA17A;AA17H;HA30A;AA30H;20889499,20889499,20889499,20889499,20889499,20889499,20889499,20889499,20889499,20889499;20889499,20889499,20889499,20889499,20889499,20889499,20889499,20889499,20889499,20889499;0.062;-0.062;-0.874,-0.297,-0.222,0.09,0.287,0.281,0.285,0.363,0.383,0.324;0.874,0.297,0.222,-0.09,-0.287,-0.281,-0.285,-0.363,-0.383,-0.324;0;0;0;XXX
1787,1788,1789,1790,1791,1792,1793,1794,1795,1815,1816,1817,1818,1819,1820,1821,1822,1823,1824;1854,1855,1856,1857,1858,1859,1860,1861,1862,1863,1864,1865,1866,1867,1868,1869,1870,1871,1872;3MZG;3NCB;A:B;A:B;AB>AB;HA167A;AA167H;HA180A;AA180H;20889499,20889499,20889499,20889499,20889499,20889499,20889499,20889499,20889499,20889499,20889499,20889499,20889499,20889499,20889499,20889499,20889499,20889499,20889499;20889499,20889499,20889499,20889499,20889499,20889499,20889499,20889499,20889499,20889499,20889499,20889499,20889499,20889499,20889499,20889499,20889499,20889499,20889499;1.487;-1.487;-0.686,0.734,1.669,1.444,1.481,1.821,1.629,1.614,1.535,0.268,0.776,1.055,1.712,2.037,2.202,2.033,2.454,2.272,2.211;0.686,-0.734,-1.669,-1.444,-1.481,-1.821,-1.629,-1.614,-1.535,-0.268,-0.776,-1.055,-1.712,-2.037,-2.202,-2.033,-2.454,-2.272,-2.211;0;0;0;XXX
1806,1807,1808,1809,1810,1811,1812,1813,1814;1873,1874,1875,1876,1877,1878,1879,1880,1881;3MZG;3NCC;A:B;A:B;AB>AB;HB188A;AB188H;HB188A;AB188H;20889499,20889499,20889499,20889499,20889499,20889499,20889499,20889499,20889499;20889499,20889499,20889499,20889499,20889499,20889499,20889499,20889499,20889499;1.776;-1.776;-0.447,1.056,2.034,1.927,2.093,2.441,2.292,2.342,2.249;0.447,-1.056,-2.034,-1.927,-2.093,-2.441,-2.292,-2.342,-2.249;0;0;0;XXX
2333;3145;3SGB;1CSO;E:I;E:I;EI>EI;LI12I;II13L;LI18I;II18L;9047374;9047374;4.419;-4.419;4.419;-4.419;5;0;0;XXX
2328;3146;3SGB;1CT0;E:I;E:I;EI>EI;LI12S;SI13L;LI18S;SI18L;9047374;9047374;4.101;-4.101;4.101;-4.101;5;0;0;XXX
2331;3147;3SGB;1CT2;E:I;E:I;EI>EI;LI12T;TI13L;LI18T;TI18L;9047374;9047374;3.16;-3.16;3.16;-3.16;5;0;0;XXX
2330;3148;3SGB;1CT4;E:I;E:I;EI>EI;LI12V;VI13L;LI18V;VI18L;9047374;9047374;2.992;-2.992;2.992;-2.992;5;0;0;XXX
2327,3428;3153;3SGB;1SGP;E:I;E:I;EI>EI;LI12A;AI13L;LI18A;AI18L;9047374,Stephen_Ming-teh_Lu_PhD;9047374;2.932;-2.932;2.948,2.915;-2.948;5;0;0;XXX
2326;3154;3SGB;1SGQ;E:I;E:I;EI>EI;LI12G;GI13L;LI18G;GI18L;9047374;9047374;4.934;-4.934;4.934;-4.934;5;0;0;XXX
2332;3144;3SGB;2SGP;E:I;E:I;EI>EI;LI12P;PI13L;LI18P;PI18L;9047374;9047374;8.329;-8.329;8.329;-8.329;5;0;1;One additional mutation in the other chain (not the chain of the mutation), far from the interface
2335;3152;3SGB;1SGN;E:I;E:I;EI>EI;LI12N;NI13L;LI18N;NI18L;9047374;9047374;3.353;-3.353;3.353;-3.353;5;0;1;One additional mutation in the other chain (not the chain of the mutation), far from the interface
2336;3150;3SGB;1SGD;E:I;E:I;EI>EI;LI12D;DI13L;LI18D;DI18L;9047374;9047374;5.59;-5.59;5.59;-5.59;5;0;1;One additional mutation in the other chain (not the chain of the mutation), far from the interface
2337;3159;3SGB;2NU4;E:I;E:I;EI>EI;LI12K;KI13L;LI18K;KI18L;9047374;9047374;3.138;-3.138;3.138;-3.138;5;0;1;One additional mutation in the other chain (not the chain of the mutation), far from the interface
2338;3149;3SGB;2SGQ;E:I;E:I;EI>EI;LI12Q;QI13L;LI18Q;QI18L;9047374;9047374;2.567;-2.567;2.567;-2.567;5;0;1;One additional mutation in the other chain (not the chain of the mutation), far from the interface
2339;3151;3SGB;1SGE;E:I;E:I;EI>EI;LI12E;EI13L;LI18E;EI18L;9047374;9047374;5.9;-5.9;5.9;-5.9;5;0;1;One additional mutation in the other chain (not the chain of the mutation), far from the interface
2340;3157;3SGB;2NU1;E:I;E:I;EI>EI;LI12H;HI13L;LI18H;HI18L;9047374;9047374;1.69;-1.69;1.69;-1.69;5;0;1;One additional mutation in the other chain (not the chain of the mutation), far from the interface
2342;3158;3SGB;2NU2;E:I;E:I;EI>EI;LI12R;RI13L;LI18R;RI18L;9047374;9047374;3.32;-3.32;3.32;-3.32;5;0;1;One additional mutation in the other chain (not the chain of the mutation), far from the interface
2343;3155;3SGB;1SGY;E:I;E:I;EI>EI;LI12Y;YI13L;LI18Y;YI18L;9047374;9047374;1.653;-1.653;1.653;-1.653;5;0;1;One additional mutation in the other chain (not the chain of the mutation), far from the interface
2344;3156;3SGB;2NU0;E:I;E:I;EI>EI;LI12W;WI13L;LI18W;WI18L;9047374;9047374;1.839;-1.839;1.839;-1.839;5;0;1;One additional mutation in the other chain (not the chain of the mutation), far from the interface
3131;3133;1FY8;3TGK;E:I;E:I;EI>EI;DE168N;NE170D;DE194N;NE194D;11420435;11420435;0.17;-0.17;0.17;-0.17;7;0;0;XXX
3132;3134;1FY8;1F5R;E:I;A:I;EI>AI;QE128K;KA129Q;QE156K;KA156Q;11420435;11420435;1.171;-1.171;1.171;-1.171;7;0;0;XXX
XXX;XXX;3BTD;3BTE;E:I;E:I;EI>EI;DI13E;EI13D;DI515E;EI515D;XXX;XXX;XXX;XXX;XXX;XXX;0;0;0;XXX
XXX;XXX;3BTD;3BTF;E:I;E:I;EI>EI;DI13F;FI13D;DI515F;FI515D;XXX;XXX;XXX;XXX;XXX;XXX;0;0;0;XXX
XXX;XXX;3BTD;3BTG;E:I;E:I;EI>EI;DI13G;GI13D;DI515G;GI515D;XXX;XXX;XXX;XXX;XXX;XXX;0;0;0;XXX
XXX;XXX;3BTD;3BTH;E:I;E:I;EI>EI;DI13H;HI13D;DI515H;HI515D;XXX;XXX;XXX;XXX;XXX;XXX;0;0;0;XXX
XXX;XXX;3BTD;3BTM;E:I;E:I;EI>EI;DI13M;MI13D;DI515M;MI515D;XXX;XXX;XXX;XXX;XXX;XXX;0;0;0;XXX
XXX;XXX;3BTD;3BTQ;E:I;E:I;EI>EI;DI13Q;QI13D;DI515Q;QI515D;XXX;XXX;XXX;XXX;XXX;XXX;0;0;0;XXX
XXX;XXX;3BTD;3BTW;E:I;E:I;EI>EI;DI13W;WI13D;DI515W;WI515D;XXX;XXX;XXX;XXX;XXX;XXX;0;0;0;XXX
XXX;XXX;3BTD;3BTT;E:I;E:I;EI>EI;DI13T;TI13D;DI515T;TI515D;XXX;XXX;XXX;XXX;XXX;XXX;0;0;0;XXX
XXX;XXX;3BTE;3BTF;E:I;E:I;EI>EI;EI13F;FI13E;EI515F;FI515E;XXX;XXX;XXX;XXX;XXX;XXX;0;0;0;XXX
XXX;XXX;3BTE;3BTG;E:I;E:I;EI>EI;EI13G;GI13E;EI515G;GI515E;XXX;XXX;XXX;XXX;XXX;XXX;0;0;0;XXX
XXX;XXX;3BTE;3BTH;E:I;E:I;EI>EI;EI13H;HI13E;EI515H;HI515E;XXX;XXX;XXX;XXX;XXX;XXX;0;0;0;XXX
XXX;XXX;3BTE;3BTM;E:I;E:I;EI>EI;EI13M;MI13E;EI515M;MI515E;XXX;XXX;XXX;XXX;XXX;XXX;0;0;0;XXX
XXX;XXX;3BTE;3BTQ;E:I;E:I;EI>EI;EI13Q;QI13E;EI515Q;QI515E;XXX;XXX;XXX;XXX;XXX;XXX;0;0;0;XXX
XXX;XXX;3BTE;3BTW;E:I;E:I;EI>EI;EI13W;WI13E;EI515W;WI515E;XXX;XXX;XXX;XXX;XXX;XXX;0;0;0;XXX
XXX;XXX;3BTE;3BTT;E:I;E:I;EI>EI;EI13T;TI13E;EI515T;TI515E;XXX;XXX;XXX;XXX;XXX;XXX;0;0;0;XXX
XXX;XXX;3BTF;3BTG;E:I;E:I;EI>EI;FI13G;GI13F;FI515G;GI515F;XXX;XXX;XXX;XXX;XXX;XXX;0;0;0;XXX
XXX;XXX;3BTF;3BTH;E:I;E:I;EI>EI;FI13H;HI13F;FI515H;HI515F;XXX;XXX;XXX;XXX;XXX;XXX;0;0;0;XXX
XXX;XXX;3BTF;3BTM;E:I;E:I;EI>EI;FI13M;MI13F;FI515M;MI515F;XXX;XXX;XXX;XXX;XXX;XXX;0;0;0;XXX
XXX;XXX;3BTF;3BTQ;E:I;E:I;EI>EI;FI13Q;QI13F;FI515Q;QI515F;XXX;XXX;XXX;XXX;XXX;XXX;0;0;0;XXX
XXX;XXX;3BTF;3BTW;E:I;E:I;EI>EI;FI13W;WI13F;FI515W;WI515F;XXX;XXX;XXX;XXX;XXX;XXX;0;0;0;XXX
XXX;XXX;3BTF;3BTT;E:I;E:I;EI>EI;FI13T;TI13F;FI515T;TI515F;XXX;XXX;XXX;XXX;XXX;XXX;0;0;0;XXX
XXX;XXX;3BTG;3BTH;E:I;E:I;EI>EI;GI13H;HI13G;GI515H;HI515G;XXX;XXX;XXX;XXX;XXX;XXX;0;0;0;XXX
XXX;XXX;3BTG;3BTM;E:I;E:I;EI>EI;GI13M;MI13G;GI515M;MI515G;XXX;XXX;XXX;XXX;XXX;XXX;0;0;0;XXX
XXX;XXX;3BTG;3BTQ;E:I;E:I;EI>EI;GI13Q;QI13G;GI515Q;QI515G;XXX;XXX;XXX;XXX;XXX;XXX;0;0;0;XXX
XXX;XXX;3BTG;3BTW;E:I;E:I;EI>EI;GI13W;WI13G;GI515W;WI515G;XXX;XXX;XXX;XXX;XXX;XXX;0;0;0;XXX
XXX;XXX;3BTG;3BTT;E:I;E:I;EI>EI;GI13T;TI13G;GI515T;TI515G;XXX;XXX;XXX;XXX;XXX;XXX;0;0;0;XXX
XXX;XXX;3BTH;3BTM;E:I;E:I;EI>EI;HI13M;MI13H;HI515M;MI515H;XXX;XXX;XXX;XXX;XXX;XXX;0;0;0;XXX
XXX;XXX;3BTH;3BTQ;E:I;E:I;EI>EI;HI13Q;QI13H;HI515Q;QI515H;XXX;XXX;XXX;XXX;XXX;XXX;0;0;0;XXX
XXX;XXX;3BTH;3BTW;E:I;E:I;EI>EI;HI13W;WI13H;HI515W;WI515H;XXX;XXX;XXX;XXX;XXX;XXX;0;0;0;XXX
XXX;XXX;3BTH;3BTT;E:I;E:I;EI>EI;HI13T;TI13H;HI515T;TI515H;XXX;XXX;XXX;XXX;XXX;XXX;0;0;0;XXX
XXX;XXX;3BTM;3BTQ;E:I;E:I;EI>EI;MI13Q;QI13M;MI515Q;QI515M;XXX;XXX;XXX;XXX;XXX;XXX;0;0;0;XXX
XXX;XXX;3BTM;3BTW;E:I;E:I;EI>EI;MI13W;WI13M;MI515W;WI515M;XXX;XXX;XXX;XXX;XXX;XXX;0;0;0;XXX
XXX;XXX;3BTM;3BTT;E:I;E:I;EI>EI;MI13T;TI13M;MI515T;TI515M;XXX;XXX;XXX;XXX;XXX;XXX;0;0;0;XXX
XXX;XXX;3BTQ;3BTW;E:I;E:I;EI>EI;QI13W;WI13Q;QI515W;WI515Q;XXX;XXX;XXX;XXX;XXX;XXX;0;0;0;XXX
XXX;XXX;3BTQ;3BTT;E:I;E:I;EI>EI;QI13T;TI13Q;QI515T;TI515Q;XXX;XXX;XXX;XXX;XXX;XXX;0;0;0;XXX
XXX;XXX;3BTW;3BTT;E:I;E:I;EI>EI;WI13T;TI13W;WI515T;TI515W;XXX;XXX;XXX;XXX;XXX;XXX;0;0;0;XXX
XXX;XXX;2SGP;2SGQ;E:I;E:I;EI>EI;PI13Q;QI13P;PI18Q;QI18P;XXX;XXX;XXX;XXX;XXX;XXX;0;0;0;XXX
XXX;XXX;2SGP;1SGD;E:I;E:I;EI>EI;PI13D;DI13P;PI18D;DI18P;XXX;XXX;XXX;XXX;XXX;XXX;0;0;0;XXX
XXX;XXX;2SGP;1SGE;E:I;E:I;EI>EI;PI13E;EI13P;PI18E;EI18P;XXX;XXX;XXX;XXX;XXX;XXX;0;0;0;XXX
XXX;XXX;2SGP;1SGN;E:I;E:I;EI>EI;PI13N;NI13P;PI18N;NI18P;XXX;XXX;XXX;XXX;XXX;XXX;0;0;0;XXX
XXX;XXX;2SGP;1SGY;E:I;E:I;EI>EI;PI13Y;YI13P;PI18Y;YI18P;XXX;XXX;XXX;XXX;XXX;XXX;0;0;0;XXX
XXX;XXX;2SGP;2NU0;E:I;E:I;EI>EI;PI13W;WI13P;PI18W;WI18P;XXX;XXX;XXX;XXX;XXX;XXX;0;0;0;XXX
XXX;XXX;2SGP;2NU1;E:I;E:I;EI>EI;PI13H;HI13P;PI18H;HI18P;XXX;XXX;XXX;XXX;XXX;XXX;0;0;0;XXX
XXX;XXX;2SGP;2NU2;E:I;E:I;EI>EI;PI13R;RI13P;PI18R;RI18P;XXX;XXX;XXX;XXX;XXX;XXX;0;0;0;XXX
XXX;XXX;2SGP;2NU4;E:I;E:I;EI>EI;PI13K;KI13P;PI18K;KI18P;XXX;XXX;XXX;XXX;XXX;XXX;0;0;0;XXX
XXX;XXX;1CSO;1CT0;E:I;E:I;EI>EI;II13S;SI13I;II18S;SI18I;XXX;XXX;XXX;XXX;XXX;XXX;0;0;0;XXX
XXX;XXX;1CSO;1CT2;E:I;E:I;EI>EI;II13T;TI13I;II18T;TI18I;XXX;XXX;XXX;XXX;XXX;XXX;0;0;0;XXX
XXX;XXX;1CSO;1CT4;E:I;E:I;EI>EI;II13V;VI13I;II18V;VI18I;XXX;XXX;XXX;XXX;XXX;XXX;0;0;0;XXX
XXX;XXX;1CSO;1SGP;E:I;E:I;EI>EI;II13A;AI13I;II18A;AI18I;XXX;XXX;XXX;XXX;XXX;XXX;0;0;0;XXX
XXX;XXX;1CSO;1SGQ;E:I;E:I;EI>EI;II13G;GI13I;II18G;GI18I;XXX;XXX;XXX;XXX;XXX;XXX;0;0;0;XXX
XXX;XXX;1CT0;1CT2;E:I;E:I;EI>EI;SI13T;TI13S;SI18T;TI18S;XXX;XXX;XXX;XXX;XXX;XXX;0;0;0;XXX
XXX;XXX;1CT0;1CT4;E:I;E:I;EI>EI;SI13V;VI13S;SI18V;VI18S;XXX;XXX;XXX;XXX;XXX;XXX;0;0;0;XXX
XXX;XXX;1CT0;1SGP;E:I;E:I;EI>EI;SI13A;AI13S;SI18A;AI18S;XXX;XXX;XXX;XXX;XXX;XXX;0;0;0;XXX
XXX;XXX;1CT0;1SGQ;E:I;E:I;EI>EI;SI13G;GI13S;SI18G;GI18S;XXX;XXX;XXX;XXX;XXX;XXX;0;0;0;XXX
XXX;XXX;1CT2;1CT4;E:I;E:I;EI>EI;TI13V;VI13T;TI18V;VI18T;XXX;XXX;XXX;XXX;XXX;XXX;0;0;0;XXX
XXX;XXX;1CT2;1SGP;E:I;E:I;EI>EI;TI13A;AI13T;TI18A;AI18T;XXX;XXX;XXX;XXX;XXX;XXX;0;0;0;XXX
XXX;XXX;1CT2;1SGQ;E:I;E:I;EI>EI;TI13G;GI13T;TI18G;GI18T;XXX;XXX;XXX;XXX;XXX;XXX;0;0;0;XXX
XXX;XXX;1CT4;1SGP;E:I;E:I;EI>EI;VI13A;AI13V;VI18A;AI18V;XXX;XXX;XXX;XXX;XXX;XXX;0;0;0;XXX
XXX;XXX;1CT4;1SGQ;E:I;E:I;EI>EI;VI13G;GI13V;VI18G;GI18V;XXX;XXX;XXX;XXX;XXX;XXX;0;0;0;XXX
XXX;XXX;2SGQ;1SGD;E:I;E:I;EI>EI;QI13D;DI13Q;QI18D;DI18Q;XXX;XXX;XXX;XXX;XXX;XXX;0;0;0;XXX
XXX;XXX;2SGQ;1SGE;E:I;E:I;EI>EI;QI13E;EI13Q;QI18E;EI18Q;XXX;XXX;XXX;XXX;XXX;XXX;0;0;0;XXX
XXX;XXX;2SGQ;1SGN;E:I;E:I;EI>EI;QI13N;NI13Q;QI18N;NI18Q;XXX;XXX;XXX;XXX;XXX;XXX;0;0;0;XXX
XXX;XXX;2SGQ;1SGY;E:I;E:I;EI>EI;QI13Y;YI13Q;QI18Y;YI18Q;XXX;XXX;XXX;XXX;XXX;XXX;0;0;0;XXX
XXX;XXX;2SGQ;2NU0;E:I;E:I;EI>EI;QI13W;WI13Q;QI18W;WI18Q;XXX;XXX;XXX;XXX;XXX;XXX;0;0;0;XXX
XXX;XXX;2SGQ;2NU1;E:I;E:I;EI>EI;QI13H;HI13Q;QI18H;HI18Q;XXX;XXX;XXX;XXX;XXX;XXX;0;0;0;XXX
XXX;XXX;2SGQ;2NU2;E:I;E:I;EI>EI;QI13R;RI13Q;QI18R;RI18Q;XXX;XXX;XXX;XXX;XXX;XXX;0;0;0;XXX
XXX;XXX;2SGQ;2NU4;E:I;E:I;EI>EI;QI13K;KI13Q;QI18K;KI18Q;XXX;XXX;XXX;XXX;XXX;XXX;0;0;0;XXX
XXX;XXX;1SGD;1SGE;E:I;E:I;EI>EI;DI13E;EI13D;DI18E;EI18D;XXX;XXX;XXX;XXX;XXX;XXX;0;0;0;XXX
XXX;XXX;1SGD;1SGN;E:I;E:I;EI>EI;DI13N;NI13D;DI18N;NI18D;XXX;XXX;XXX;XXX;XXX;XXX;0;0;0;XXX
XXX;XXX;1SGD;1SGY;E:I;E:I;EI>EI;DI13Y;YI13D;DI18Y;YI18D;XXX;XXX;XXX;XXX;XXX;XXX;0;0;0;XXX
XXX;XXX;1SGD;2NU0;E:I;E:I;EI>EI;DI13W;WI13D;DI18W;WI18D;XXX;XXX;XXX;XXX;XXX;XXX;0;0;0;XXX
XXX;XXX;1SGD;2NU1;E:I;E:I;EI>EI;DI13H;HI13D;DI18H;HI18D;XXX;XXX;XXX;XXX;XXX;XXX;0;0;0;XXX
XXX;XXX;1SGD;2NU2;E:I;E:I;EI>EI;DI13R;RI13D;DI18R;RI18D;XXX;XXX;XXX;XXX;XXX;XXX;0;0;0;XXX
XXX;XXX;1SGD;2NU4;E:I;E:I;EI>EI;DI13K;KI13D;DI18K;KI18D;XXX;XXX;XXX;XXX;XXX;XXX;0;0;0;XXX
XXX;XXX;1SGE;1SGN;E:I;E:I;EI>EI;EI13N;NI13E;EI18N;NI18E;XXX;XXX;XXX;XXX;XXX;XXX;0;0;0;XXX
XXX;XXX;1SGE;1SGY;E:I;E:I;EI>EI;EI13Y;YI13E;EI18Y;YI18E;XXX;XXX;XXX;XXX;XXX;XXX;0;0;0;XXX
XXX;XXX;1SGE;2NU0;E:I;E:I;EI>EI;EI13W;WI13E;EI18W;WI18E;XXX;XXX;XXX;XXX;XXX;XXX;0;0;0;XXX
XXX;XXX;1SGE;2NU1;E:I;E:I;EI>EI;EI13H;HI13E;EI18H;HI18E;XXX;XXX;XXX;XXX;XXX;XXX;0;0;0;XXX
XXX;XXX;1SGE;2NU2;E:I;E:I;EI>EI;EI13R;RI13E;EI18R;RI18E;XXX;XXX;XXX;XXX;XXX;XXX;0;0;0;XXX
XXX;XXX;1SGE;2NU4;E:I;E:I;EI>EI;EI13K;KI13E;EI18K;KI18E;XXX;XXX;XXX;XXX;XXX;XXX;0;0;0;XXX
XXX;XXX;1SGN;1SGY;E:I;E:I;EI>EI;NI13Y;YI13N;NI18Y;YI18N;XXX;XXX;XXX;XXX;XXX;XXX;0;0;0;XXX
XXX;XXX;1SGN;2NU0;E:I;E:I;EI>EI;NI13W;WI13N;NI18W;WI18N;XXX;XXX;XXX;XXX;XXX;XXX;0;0;0;XXX
XXX;XXX;1SGN;2NU1;E:I;E:I;EI>EI;NI13H;HI13N;NI18H;HI18N;XXX;XXX;XXX;XXX;XXX;XXX;0;0;0;XXX
XXX;XXX;1SGN;2NU2;E:I;E:I;EI>EI;NI13R;RI13N;NI18R;RI18N;XXX;XXX;XXX;XXX;XXX;XXX;0;0;0;XXX
XXX;XXX;1SGN;2NU4;E:I;E:I;EI>EI;NI13K;KI13N;NI18K;KI18N;XXX;XXX;XXX;XXX;XXX;XXX;0;0;0;XXX
XXX;XXX;1SGP;1SGQ;E:I;E:I;EI>EI;AI13G;GI13A;AI18G;GI18A;XXX;XXX;XXX;XXX;XXX;XXX;0;0;0;XXX
XXX;XXX;1SGY;2NU0;E:I;E:I;EI>EI;YI13W;WI13Y;YI18W;WI18Y;XXX;XXX;XXX;XXX;XXX;XXX;0;0;0;XXX
XXX;XXX;1SGY;2NU1;E:I;E:I;EI>EI;YI13H;HI13Y;YI18H;HI18Y;XXX;XXX;XXX;XXX;XXX;XXX;0;0;0;XXX
XXX;XXX;1SGY;2NU2;E:I;E:I;EI>EI;YI13R;RI13Y;YI18R;RI18Y;XXX;XXX;XXX;XXX;XXX;XXX;0;0;0;XXX
XXX;XXX;1SGY;2NU4;E:I;E:I;EI>EI;YI13K;KI13Y;YI18K;KI18Y;XXX;XXX;XXX;XXX;XXX;XXX;0;0;0;XXX
XXX;XXX;2NU0;2NU1;E:I;E:I;EI>EI;WI13H;HI13W;WI18H;HI18W;XXX;XXX;XXX;XXX;XXX;XXX;0;0;0;XXX
XXX;XXX;2NU0;2NU2;E:I;E:I;EI>EI;WI13R;RI13W;WI18R;RI18W;XXX;XXX;XXX;XXX;XXX;XXX;0;0;0;XXX
XXX;XXX;2NU0;2NU4;E:I;E:I;EI>EI;WI13K;KI13W;WI18K;KI18W;XXX;XXX;XXX;XXX;XXX;XXX;0;0;0;XXX
XXX;XXX;2NU1;2NU2;E:I;E:I;EI>EI;HI13R;RI13H;HI18R;RI18H;XXX;XXX;XXX;XXX;XXX;XXX;0;0;0;XXX
XXX;XXX;2NU1;2NU4;E:I;E:I;EI>EI;HI13K;KI13H;HI18K;KI18H;XXX;XXX;XXX;XXX;XXX;XXX;0;0;0;XXX
XXX;XXX;2NU2;2NU4;E:I;E:I;EI>EI;RI13K;KI13R;RI18K;KI18R;XXX;XXX;XXX;XXX;XXX;XXX;0;0;0;XXX
3164;3166;1KAC;1P69;A:B;A:B;AB>AB;PA15S;SA15P;PA417S;SA417P;12716886;12716886;-0.793;0.793;-0.793;0.793;0;0;0;XXX
3165;3167;1KAC;1P6A;A:B;A:B;AB>AB;SA87Y;YA87S;SA489Y;YA489S;12716886;12716886;-1.252;1.252;-1.252;1.252;0;0;0;XXX
3525,3548;3542,3554;2VLR;1OGA;ABC:DE;ABC:DE;ABCDE>ABCDE;AE95S;SE95A;AE99S;SE99A;18275829,18275829;18275829,18275829;0.018;-0.018;0.035,-0.0;-0.035,-0.0;24;0;0;XXX
XXX;XXX;3D3V;3QFJ;ABC:DE;ABC:DE;ABCDE>ABCDE;NE204D;DE204N;NE205D;DE205N;XXX;XXX;XXX;XXX;XXX;XXX;0;0;0;Non-standard amino acid F2F (modified PHE) in 3D3V but not in 3QFJ
3776;3777;1AO7;3QFJ;ABC:DE;ABC:DE;ABCDE>ABCDE;YC5F;FC5Y;YC5F;FC5Y;22019736;22019736;0.158;-0.158;0.158;-0.158;4;0;3;Three additional mutations in other chains (not the chain of the mutation), far from the interface
3779;3785;4JFF;4JFD;ABC:DE;ABC:DE;ABCDE>ABCDE;GC4A;AC4G;GC4A;AC4G;23698002;23698002;6.515;-6.515;6.515;-6.515;1;0;0;XXX
3782;3792;4JFF;4JFE;ABC:DE;ABC:DE;ABCDE>ABCDE;IC7A;AC7I;IC7A;AC7I;23698002;23698002;6.427;-6.427;6.427;-6.427;1;1;0;Additional first two amino acid inversion in other chain (not the chain of the mutation, far from the interface
3814;3817;1LP9;2UWE;ABC:EF;ABC:EF;ABCEF>ABCEF;TA163A;AA163T;TA163A;AA163T;17825839;17825839;-0.404;0.404;-0.404;0.404;0;0;0;XXX
3815;3818;1LP9;2JCC;ABC:EF;ABC:EF;ABCEF>ABCEF;WA167A;AA167W;WA167A;AA167W;17825839;17825839;0.299;-0.299;0.299;-0.299;0;0;0;XXX
3816,3820;3819,3821;1LP9;2J8U;ABC:EF;ABC:EF;ABCEF>ABCEF;KA66A;AA66K;KA66A;AA66K;17825839,17825839;17825839,17825839;0.94;-0.94;0.728,1.152;-0.728,-1.152;0;0;0;XXX
3826;3829;1AO7;1QSE;ABC:DE;ABC:DE;ABCDE>ABCDE;VC7R;RC7V;VC7R;RC7V;10435578;10435578;1.225;-1.225;1.225;-1.225;7;0;2;Two additional mutations in other chains (not the chain of the mutation), far from the interface
3992;3993;2BNR;2BNQ;ABC:DE;ABC:DE;ABCDE>ABCDE;CC9V;VC9C;CC9V;VC9C;15837811;15837811;-0.502;0.502;-0.502;0.502;0;0;0;XXX
4284;4285;1XGU;1XGP;AB:C;AB:C;ABC>ABC;FB33A;AB33F;FB33A;AB33F;15698573;15698573;4.061;-4.061;4.061;-4.061;1;0;0;XXX
4283;4289;1XGU;1XGQ;AB:C;AB:C;ABC>ABC;FB33V;VB33F;FB33V;VB33F;15698573;15698573;2.908;-2.908;2.908;-2.908;1;0;0;XXX
4282;4293;1XGU;1XGR;AB:C;AB:C;ABC>ABC;FB33I;IB33F;FB33I;IB33F;15698573;15698573;1.8;-1.8;1.8;-1.8;3;0;0;XXX
4281;4297;1XGU;1XGT;AB:C;AB:C;ABC>ABC;FB33L;LB33F;FB33L;LB33F;15698573;15698573;1.862;-1.862;1.862;-1.862;1;0;0;XXX
4288;4292;1XGP;1XGQ;AB:C;AB:C;ABC>ABC;AB33V;VB33A;AB33V;VB33A;15698573;15698573;-1.153;1.153;-1.153;1.153;0;0;0;XXX
4287;4296;1XGP;1XGR;AB:C;AB:C;ABC>ABC;AB33I;IB33A;AB33I;IB33A;15698573;15698573;-2.26;2.26;-2.26;2.26;2;0;0;XXX
4286;4300;1XGP;1XGT;AB:C;AB:C;ABC>ABC;AB33L;LB33A;AB33L;LB33A;15698573;15698573;-2.199;2.199;-2.199;2.199;0;0;0;XXX
4291;4295;1XGQ;1XGR;AB:C;AB:C;ABC>ABC;VB33I;IB33V;VB33I;IB33V;15698573;15698573;-1.108;1.108;-1.108;1.108;2;0;0;XXX
4290;4299;1XGQ;1XGT;AB:C;AB:C;ABC>ABC;VB33L;LB33V;VB33L;LB33V;15698573;15698573;-1.046;1.046;-1.046;1.046;0;0;0;XXX
4294;4298;1XGR;1XGT;AB:C;AB:C;ABC>ABC;IB33L;LB33I;IB33L;LB33I;15698573;15698573;0.061;-0.061;0.061;-0.061;2;0;0;XXX
6240;6242;5CXB;5CYK;A:B;A:B;AB>AB;RB54E;EB52R;RB486E;EB486R;26476442;26476442;2.679;-2.679;2.679;-2.679;39;0;0;XXX
6593;6595;4G0N;3KUD;A:B;A:B;AB>AB;AB32K;KB30A;AB85K;KB85A;20361980;20361980;-1.531;1.531;-1.108;1.953;3;0;0;XXX
6678;6682;3EQS;3LNZ;A:B;A:B;AB>AB;NB8A;AB8N;NB8A;AB8N;20226197;20226197;-1.111;1.111;-1.111;1.111;0;0;0;XXX
6906,6907,6917;6910,6911,6920;5UFE;5UFQ;A:B;A:C;AB>AC;GA12D;DA12G;GA12D;DA12G;28724936,28724936,28724936;28724936,28724936,28724936;-1.273;1.273;-1.221,-1.378,-1.221;1.221,1.378,1.221;0;0;0;XXX
