Entry;PDB;Interacting Chains;Mutation(s);Mutation(s)_in_raw_pdb;Mutation(s)_in_ABbind;Temperature;DDGb_SK2;DDGb_paper
256;1AK4;A:D;AD88G;AD488G;AD488G;298;2.654;2.49
255;1AK4;A:D;AD88V;AD488V;AD488V;298;0.769;0.6
263;1AK4;A:D;AD92G;AD492G;AD492G;298;0.581;0.41
264;1AK4;A:D;AD92V;AD492V;AD492V;298;0.359;0.19
257;1AK4;A:D;GD89A;GD489A;GD489A;298;2.077;1.91
258;1AK4;A:D;GD89V;GD489V;GD489V;298;3.03;2.86
252;1AK4;A:D;HD87A;HD487A;HD487A;298;1.01;0.84
253;1AK4;A:D;HD87Q;HD487Q;HD487Q;298;0.973;0.8
254;1AK4;A:D;HD87R;HD487R;HD487R;298;1.645;1.48
261;1AK4;A:D;ID91A;ID491A;ID491A;298;0.24;0.07
262;1AK4;A:D;ID91V;ID491V;ID491V;298;0;-0.17
250;1AK4;A:D;PD85A;PD485A;PD485A;298;1.085;0.92
259;1AK4;A:D;PD90A;PD490A;PD490A;298;2.172;2
260;1AK4;A:D;PD90V;PD490V;PD490V;298;3.03;2.86
265;1AK4;A:D;PD93A;PD493A;PD493A;298;0.683;0.51
251;1AK4;A:D;VD86A;VD486A;VD486A;298;0.991;0.82
XXX;1BJ1;HL:VW;XXX;XXX;FV17A;XXX;XXX;0
XXX;1BJ1;HL:VW;XXX;XXX;YV21A;XXX;XXX;0
XXX;1BJ1;HL:VW;XXX;XXX;EW93A;XXX;XXX;0.82
XXX;1BJ1;HL:VW;XXX;XXX;GW88A;XXX;XXX;2.76
XXX;1BJ1;HL:VW;XXX;XXX;GW92A;XXX;XXX;3.69
XXX;1BJ1;HL:VW;XXX;XXX;HW86A;XXX;XXX;0
XXX;1BJ1;HL:VW;XXX;XXX;HW90A;XXX;XXX;0
XXX;1BJ1;HL:VW;XXX;XXX;IW80A;XXX;XXX;0.82
XXX;1BJ1;HL:VW;XXX;XXX;IW83A;XXX;XXX;3.69
XXX;1BJ1;HL:VW;XXX;XXX;IW91A;XXX;XXX;0.41
XXX;1BJ1;HL:VW;XXX;XXX;KW48A;XXX;XXX;0.41
XXX;1BJ1;HL:VW;XXX;XXX;KW84A;XXX;XXX;0.65
XXX;1BJ1;HL:VW;XXX;XXX;MW81A;XXX;XXX;3.69
XXX;1BJ1;HL:VW;XXX;XXX;MW94A;XXX;XXX;1.42
XXX;1BJ1;HL:VW;XXX;XXX;QW79A;XXX;XXX;0
XXX;1BJ1;HL:VW;XXX;XXX;QW87A;XXX;XXX;0
XXX;1BJ1;HL:VW;XXX;XXX;QW89A;XXX;XXX;1.75
XXX;1BJ1;HL:VW;XXX;XXX;RW82A;XXX;XXX;3.69
XXX;1BJ1;HL:VW;XXX;XXX;YW45A;XXX;XXX;0.82
XXX;1CZ8;HL:VW;XXX;XXX;FV17A;XXX;XXX;0
XXX;1CZ8;HL:VW;XXX;XXX;YV21A;XXX;XXX;0
XXX;1CZ8;HL:VW;XXX;XXX;EW93A;XXX;XXX;1.15
XXX;1CZ8;HL:VW;XXX;XXX;GW88A;XXX;XXX;2.67
XXX;1CZ8;HL:VW;XXX;XXX;GW92A;XXX;XXX;4.1
XXX;1CZ8;HL:VW;XXX;XXX;HW86A;XXX;XXX;0
XXX;1CZ8;HL:VW;XXX;XXX;HW90A;XXX;XXX;0
XXX;1CZ8;HL:VW;XXX;XXX;IW80A;XXX;XXX;0.95
XXX;1CZ8;HL:VW;XXX;XXX;IW83A;XXX;XXX;1.3
XXX;1CZ8;HL:VW;XXX;XXX;IW91A;XXX;XXX;1.06
XXX;1CZ8;HL:VW;XXX;XXX;KW48A;XXX;XXX;0
XXX;1CZ8;HL:VW;XXX;XXX;KW84A;XXX;XXX;1.36
XXX;1CZ8;HL:VW;XXX;XXX;MW81A;XXX;XXX;4.1
XXX;1CZ8;HL:VW;XXX;XXX;MW94A;XXX;XXX;1.91
XXX;1CZ8;HL:VW;XXX;XXX;QW79A;XXX;XXX;0.65
XXX;1CZ8;HL:VW;XXX;XXX;QW87A;XXX;XXX;0
XXX;1CZ8;HL:VW;XXX;XXX;QW89A;XXX;XXX;1.06
XXX;1CZ8;HL:VW;XXX;XXX;RW82A;XXX;XXX;0.82
XXX;1CZ8;HL:VW;XXX;XXX;YW45A;XXX;XXX;1.94
1188,1199;1DQJ;AB:C;DC101A;DC101A;DC101A;298;1.376;1.3
1196;1DQJ;AB:C;KC96A;KC96A;KC96A;298;6.156;6.1
1187,1197;1DQJ;AB:C;KC97A;KC97A;KC97A;298;3.52;3.5
1193;1DQJ;AB:C;LC75A;LC75A;LC75A;298;1.452;1.5
1195;1DQJ;AB:C;NC93A;NC93A;NC93A;298;0.65;0.6
1185,1190;1DQJ;AB:C;RC21A;RC21A;RC21A;298;1.214;1.3
1198;1DQJ;AB:C;SC100A;SC100A;SC100A;298;0.776;0.8
1194;1DQJ;AB:C;TC89A;TC89A;TC89A;298;0.841;0.8
1191;1DQJ;AB:C;WC62A;WC62A;WC62A;298;0.758;0.8
1186,1192;1DQJ;AB:C;WC63A;WC63A;WC63A;298;1.346;1.3
1184,1189;1DQJ;AB:C;YC20A;YC20A;YC20A;298;3.286;3.3
1205;1DQJ;AB:C;DB32A;DB32A;DH32A;298;2.013;2
1209;1DQJ;AB:C;WB98A;WB98A;WH98A;298;4.932;4.9
1206;1DQJ;AB:C;YB33A;YB33A;YH33A;298;5.524;5.5
1207;1DQJ;AB:C;YB50A;YB50A;YH50A;298;6.888;6.9
1208;1DQJ;AB:C;YB53A;YB53A;YH53A;298;1.18;1.2
1200;1DQJ;AB:C;NA31A;NA31A;NL31A;298;2.013;2
1201;1DQJ;AB:C;NA32A;NA32A;NL32A;298;4.091;4.1
1203;1DQJ;AB:C;SA91A;SA91A;SL91A;298;1.432;1.4
1202;1DQJ;AB:C;YA50A;YA50A;YL50A;298;2.678;2.7
1204;1DQJ;AB:C;YA96A;YA96A;YL96A;298;1.135;1.1
301;1DVF;AB:CD;HA30A;HA30A;HA30A;298;1.649;1.67
306;1DVF;AB:CD;SA93A;SA93A;SA93A;298;1.162;1.17
305;1DVF;AB:CD;WA92A;WA92A;WA92A;298;0.341;0.34
302,322;1DVF;AB:CD;YA32A;YA32A;YA32A;298;2.03;2.05
303,321;1DVF;AB:CD;YA49A;YA49A;YA49A;298;1.678;1.64
303,321;1DVF;AB:CD;YA49A;YA49A;YA49A;298;1.678;1.75
304;1DVF;AB:CD;YA50A;YA50A;YA50A;298;0.688;0.69
315,325;1DVF;AB:CD;DB100A;DB100A;DB100A;298;2.79;2.82
310,319;1DVF;AB:CD;DB54A;DB54A;DB54A;298;4.281;4.32
312,320;1DVF;AB:CD;DB58A;DB58A;DB58A;298;1.6;1.62
313,318;1DVF;AB:CD;EB98A;EB98A;EB98A;298;4.187;4.23
311,323;1DVF;AB:CD;NB56A;NB56A;NB56A;298;1.162;1.17
314;1DVF;AB:CD;RB99A;RB99A;RB99A;298;1.875;1.89
307;1DVF;AB:CD;TB30A;TB30A;TB30A;298;0.908;0.92
309,324;1DVF;AB:CD;WB52A;WB52A;WB52A;298;4.133;4.17
317;1DVF;AB:CD;YB101F;YB101F;YB101F;298;2.012;2.03
308;1DVF;AB:CD;YB32A;YB32A;YB32A;298;1.831;1.85
327;1DVF;AB:CD;YC49A;YC49A;YC49A;298;1.861;1.88
333;1DVF;AB:CD;DD52A;DD52A;DD52A;298;1.682;1.7
332;1DVF;AB:CD;HD33A;HD33A;HD33A;298;1.861;1.88
334;1DVF;AB:CD;ID101A;ID97A;ID101A;298;2.682;2.71
331;1DVF;AB:CD;KD30A;KD30A;KD30A;298;1.004;1.01
329;1DVF;AB:CD;ND55A;ND54A;ND55A;298;1.861;1.88
328;1DVF;AB:CD;QD104A;QD100A;QD104A;298;1.629;1.64
330;1DVF;AB:CD;RD106A;RD100bA;RD106A;298;4.091;4.13
326;1DVF;AB:CD;YD102A;YD98A;YD102A;298;4.739;4.79
1057;1FFW;A:B;AA89V;AA90V;AA90V;298;0.091;0.09
1055;1FFW;A:B;DA12K;DA13K;DA13K;298;0.047;0.05
1063;1FFW;A:B;EA116K;EA117K;EA117K;298;0.713;0.71
1058;1FFW;A:B;EA92K;EA93K;EA93K;298;0.821;0.82
1061;1FFW;A:B;FA110V;FA111V;FA111V;298;1.256;1.26
1062;1FFW;A:B;TA111I;TA112I;TA112I;298;0.562;0.56
1056;1FFW;A:B;TA86I;TA87I;TA87I;298;-0.319;-0.32
1060;1FFW;A:B;VA107M;VA108M;VA108M;298;1.131;1.13
1059;1FFW;A:B;YA105W;YA106W;YA106W;298;0.713;0.71
1974;1JRH;HL:I;EI35Q;EI45Q;EI45Q;298;0.1;0.11
1970;1JRH;HL:I;TI4V;TI14V;TI14V;298;-0.026;-0.02
872,924;1JTG;A:B;KA208A;KA234A;KA234A;298;1.222;0.82
871,915;1JTG;A:B;RA217A;RA243A;RA243A;298;1.302;0.56
869,933;1JTG;A:B;SA105A;SA130A;SA130A;298;0.563;0.5
868;1JTG;A:B;SA209A;SA235A;SA235A;298;1.239;1.32
846,852,883,953,5673,6402,6403,6404;1JTG;A:B;DB49A;DB49A;DB49A;292;2.347;1.98
783;1KTZ;A:B;DB94A;DB118A;DB118A;298;0.814;0.9
773;1KTZ;A:B;DB8A;DB32A;DB32A;298;1.521;1.4
774;1KTZ;A:B;DB8N;DB32N;DB32N;298;1.999;1.7
784;1KTZ;A:B;EB95A;EB119A;EB119A;298;1.494;1.4
785;1KTZ;A:B;EB95Q;EB119Q;EB119Q;298;1.626;1.7
781;1KTZ;A:B;EB31A;EB55A;EB55A;298;1.216;1.3
788;1KTZ;A:B;EB51A;EB75A;EB75A;298;1.08;1
790;1KTZ;A:B;FB86A;FB110A;FB110A;298;0.932;0.9
772;1KTZ;A:B;FB6A;FB30A;FB30A;298;2.979;2.9
789;1KTZ;A:B;HB55A;HB79A;HB79A;298;0.295;0.4
792;1KTZ;A:B;IB101A;IB125A;IB125A;298;0.539;0.5
776;1KTZ;A:B;IB26A;IB50A;IB50A;298;1.896;1.9
780;1KTZ;A:B;IB29A;IB53A;IB53A;298;1.37;1.2
771;1KTZ;A:B;LB3A;LB27A;LB27A;298;1.824;1.9
791;1KTZ;A:B;MB88A;MB112A;MB112A;298;0.871;0.8
786;1KTZ;A:B;NB23A;NB47A;NB47A;298;0.285;0.3
775;1KTZ;A:B;SB25A;SB49A;SB49A;298;0.326;0.5
778;1KTZ;A:B;SB28A;SB52A;SB52A;298;0.216;0.4
779;1KTZ;A:B;SB28L;SB52L;SB52L;298;4.036;3.7
777;1KTZ;A:B;TB27A;TB51A;TB51A;298;1.513;1.3
787;1KTZ;A:B;VB38A;VB62A;VB62A;298;0.648;0.7
782;1KTZ;A:B;VB53A;VB77A;VB77A;298;0.415;0.5
4920,4923,4994,5012;1MHP;A:HL;FH99W;FH99W;FH99W;298;0;0
4995,5013;1MHP;A:HL;FH99Y;FH99Y;FH99Y;298;0.755;0.76
4921,4997;1MHP;A:HL;GH100F;GH100F;GH100F;298;0.389;0.57
XXX;1MHP;A:HL;XXX;XXX;GH100I;XXX;XXX;8
4996;1MHP;A:HL;GH100L;GH100L;GH100L;298;2.727;2.73
4917,4966;1MHP;A:HL;GH100M;GH100M;GH100M;298;0.102;0.1
4998;1MHP;A:HL;GH100S;GH100S;GH100S;298;0.558;0.56
XXX;1MHP;A:HL;XXX;XXX;GH100V;XXX;XXX;8
XXX;1MHP;A:HL;XXX;XXX;GH102S;XXX;XXX;8
4959;1MHP;A:HL;GH53A;GH53A;GH53A;298;0.513;0.51
5010;1MHP;A:HL;GH53N;GH53N;GH53N;298;1.255;1.26
XXX;1MHP;A:HL;XXX;XXX;GH53Q;XXX;XXX;8
4958;1MHP;A:HL;GH53S;GH53S;GH53S;298;0.676;0.68
XXX;1MHP;A:HL;XXX;XXX;GH53W;XXX;XXX;8
4960;1MHP;A:HL;GH54I;GH54I;GH54I;298;1.364;1.36
XXX;1MHP;A:HL;XXX;XXX;GH54M;XXX;XXX;8
XXX;1MHP;A:HL;XXX;XXX;GH54N;XXX;XXX;8
4961;1MHP;A:HL;GH54T;GH54T;GH54T;298;1.164;1.17
4922,5011;1MHP;A:HL;GH54Y;GH54Y;GH54Y;298;0;0
XXX;1MHP;A:HL;XXX;XXX;HH56Y;XXX;XXX;8
4913,4944;1MHP;A:HL;KH64D;KH64D;KH64D;298;-0.172;-0.12
4911,4942;1MHP;A:HL;KH64E;KH64E;KH64E;298;-0.078;-0.16
4914,4945;1MHP;A:HL;KH64N;KH64N;KH64N;298;-0.036;-0.07
4912,4943;1MHP;A:HL;KH64Q;KH64Q;KH64Q;298;-0.078;-0.16
4910,4941;1MHP;A:HL;LH60D;LH60D;LH60D;298;-0.062;-0.12
4937;1MHP;A:HL;RH31Q;RH31Q;RH31Q;298;1.307;1.31
4985;1MHP;A:HL;SH35A;SH35A;SH35A;298;1.573;1.58
4938;1MHP;A:HL;SH35Q;SH35Q;SH35Q;298;2.727;2.73
XXX;1MHP;A:HL;XXX;XXX;SH35V;XXX;XXX;8
4957;1MHP;A:HL;SH52M;SH52M;SH52M;298;2.076;2.08
XXX;1MHP;A:HL;XXX;XXX;SH52T;XXX;XXX;8
4983;1MHP;A:HL;TH33N;TH33N;TH33N;298;2.727;2.73
XXX;1MHP;A:HL;XXX;XXX;TH33Q;XXX;XXX;8
4982;1MHP;A:HL;TH33V;TH33V;TH33V;298;0.434;0.43
XXX;1MHP;A:HL;XXX;XXX;TH50E;XXX;XXX;8
XXX;1MHP;A:HL;XXX;XXX;TH50Q;XXX;XXX;8
4909,4939;1MHP;A:HL;TH50V;TH50V;TH50V;298;-0.132;-0.26
4964;1MHP;A:HL;YH58E;YH58E;YH58E;298;2.076;2.08
4963;1MHP;A:HL;YH58Q;YH58Q;YH58Q;298;2.076;2.08
4965;1MHP;A:HL;YH58W;YH58W;YH58W;298;0.821;0.82
4940;1MHP;A:HL;YH59E;YH59E;YH59E;298;0.544;0.54
4953;1MHP;A:HL;GL91Q;GL92Q;GL92Q;298;1.573;1.58
4954;1MHP;A:HL;GL91S;GL92S;GL92S;298;0.513;0.51
4933;1MHP;A:HL;HL30K;HL31K;HL31K;298;1.164;1.17
4932;1MHP;A:HL;HL30R;HL31R;HL31R;298;1.124;1.12
5008;1MHP;A:HL;HL30W;HL31W;HL31W;298;1.255;1.26
4974;1MHP;A:HL;LL48F;LL49F;LL49F;298;0.712;0.71
4908,4934;1MHP;A:HL;LL48K;LL49K;LL49K;298;0.862;0.93
4975;1MHP;A:HL;LL48W;LL49W;LL49W;298;1.908;1.91
XXX;1MHP;A:HL;XXX;XXX;LL49Y;XXX;XXX;8
XXX;1MHP;A:HL;XXX;XXX;NL30K;XXX;XXX;8
4931;1MHP;A:HL;NL29V;NL30V;NL30V;298;1.049;1.05
4948;1MHP;A:HL;NL29W;NL30W;NL30W;298;1.573;1.58
4947;1MHP;A:HL;NL29Y;NL30Y;NL30Y;298;1.908;1.91
4976;1MHP;A:HL;NL51D;NL52D;NL52D;298;0.501;0.5
4919,4977;1MHP;A:HL;NL51E;NL52E;NL52E;298;-0.088;-0.18
4936;1MHP;A:HL;NL51K;NL52K;NL52K;298;0.658;0.66
4935;1MHP;A:HL;NL51R;NL52R;NL52R;298;0.845;0.85
4916,4949;1MHP;A:HL;NL51Y;NL52Y;NL52Y;298;-0.052;-0.1
XXX;1MHP;A:HL;XXX;XXX;NL93D;XXX;XXX;8
4918,4971;1MHP;A:HL;SL23R;SL24R;SL24R;298;-0.216;-0.07
4906,4915,4946;1MHP;A:HL;SL27Q;SL28Q;SL28Q;298;-0.688;-0.67
XXX;1MHP;A:HL;XXX;XXX;SL91K;XXX;XXX;8
4979;1MHP;A:HL;SL90Q;SL91Q;SL91Q;298;1.774;1.78
4951;1MHP;A:HL;SL90R;SL91R;SL91R;298;2.727;2.73
4950;1MHP;A:HL;SL90T;SL91T;SL91T;298;2.317;2.32
XXX;1MHP;A:HL;XXX;XXX;SL91W;XXX;XXX;8
4978;1MHP;A:HL;WL89Q;WL90Q;WL90Q;298;2.076;2.08
5147;1MLC;AB:E;KB65D;KB65D;KH65D;298;0.019;0.02
5144;1MLC;AB:E;SB57A;SB57A;SH57A;298;-0.379;-0.38
5145;1MLC;AB:E;SB57V;SB57V;SH57V;298;-0.494;-0.49
5141;1MLC;AB:E;TB28D;TB28D;TH28D;298;-0.151;-0.15
5142;1MLC;AB:E;TB31A;TB31A;TH31A;298;0.447;0.45
5143;1MLC;AB:E;TB31V;TB31V;TH31V;298;0.526;0.53
5149;1MLC;AB:E;TB31W;TB31W;TH31W;298;0.132;0.13
5146;1MLC;AB:E;TB58D;TB58D;TH58D;298;-0.56;-0.56
5139;1MLC;AB:E;NA32G;NA32G;NL32G;298;-0.877;-0.85
5148;1MLC;AB:E;NA32Y;NA32Y;NL32Y;298;0;0
5140;1MLC;AB:E;NA92A;NA92A;NL92A;298;-1.253;-1.25
XXX;1N8Z;AB:C;XXX;XXX;DH31A;XXX;XXX;0.25
XXX;1N8Z;AB:C;XXX;XXX;DH98A;XXX;XXX;1.21
5180;1N8Z;AB:C;DB102W;DB102W;DH98W;310;-0.713;-0.69
XXX;1N8Z;AB:C;XXX;XXX;FH100A;XXX;XXX;1.17
XXX;1N8Z;AB:C;XXX;XXX;KH30A;XXX;XXX;0.61
XXX;1N8Z;AB:C;XXX;XXX;NH54A;XXX;XXX;-0.15
5197;1N8Z;AB:C;RB50A;RB50A;RH50A;303;2.975;8
XXX;1N8Z;AB:C;XXX;XXX;TH32A;XXX;XXX;0.38
XXX;1N8Z;AB:C;XXX;XXX;TH53A;XXX;XXX;0.78
XXX;1N8Z;AB:C;XXX;XXX;WH95A;XXX;XXX;8
XXX;1N8Z;AB:C;XXX;XXX;YH100aA;XXX;XXX;8
5181;1N8Z;AB:C;YB105F;YB105F;YH100aF;310;0.854;-0.05
5181;1N8Z;AB:C;YB105F;YB105F;YH100aF;310;0.854;0.82
5182;1N8Z;AB:C;YB109V;YB109V;YH102V;310;0.232;0.22
XXX;1N8Z;AB:C;XXX;XXX;YH33A;XXX;XXX;-0.09
XXX;1N8Z;AB:C;XXX;XXX;YH52A;XXX;XXX;0.23
XXX;1N8Z;AB:C;XXX;XXX;YH56A;XXX;XXX;0.87
XXX;1N8Z;AB:C;XXX;XXX;DL28N;XXX;XXX;-0.28
XXX;1N8Z;AB:C;XXX;XXX;FL53N;XXX;XXX;1.21
XXX;1N8Z;AB:C;XXX;XXX;HL91A;XXX;XXX;8
5177;1N8Z;AB:C;HA91F;HA91F;HL91F;310;0.034;-0.43
5177;1N8Z;AB:C;HA91F;HA91F;HL91F;310;0.034;0.03
XXX;1N8Z;AB:C;XXX;XXX;NL30A;XXX;XXX;1.12
5176;1N8Z;AB:C;NA30S;NA30S;NL30S;310;0.067;0.06
XXX;1N8Z;AB:C;XXX;XXX;RL66G;XXX;XXX;0.22
XXX;1N8Z;AB:C;XXX;XXX;SL50A;XXX;XXX;-0.07
XXX;1N8Z;AB:C;XXX;XXX;SL52A;XXX;XXX;-0.31
XXX;1N8Z;AB:C;XXX;XXX;TL31A;XXX;XXX;0.8
XXX;1N8Z;AB:C;XXX;XXX;TL93A;XXX;XXX;0.82
XXX;1N8Z;AB:C;XXX;XXX;TL94A;XXX;XXX;-0.12
5179;1N8Z;AB:C;TA94S;TA94S;TL94S;310;0.322;0.31
XXX;1N8Z;AB:C;XXX;XXX;YL49A;XXX;XXX;1.05
XXX;1N8Z;AB:C;XXX;XXX;YL92A;XXX;XXX;1.36
XXX;1N8Z;AB:C;XXX;XXX;YL92F;XXX;XXX;-0.21
2118;1VFB;AB:C;DC119A;DC119A;DC119A;298;0.953;1
2112;1VFB;AB:C;DC18A;DC18A;DC18A;298;0.34;0.3
2121;1VFB;AB:C;IC124A;IC124A;IC124A;298;1.231;1.2
2116;1VFB;AB:C;KC116A;KC116A;KC116A;298;0.713;0.7
2123;1VFB;AB:C;LC129A;LC129A;LC129A;298;0.172;0.2
2113;1VFB;AB:C;NC19A;NC19A;NC19A;298;0.396;0.3
2120;1VFB;AB:C;QC121A;QC121A;QC121A;298;2.877;2.9
2122;1VFB;AB:C;RC125A;RC125A;RC125A;298;1.837;1.8
2115;1VFB;AB:C;SC24A;SC24A;SC24A;298;0.851;0.8
2117;1VFB;AB:C;TC118A;TC118A;TC118A;298;0.765;0.8
2119;1VFB;AB:C;VC120A;VC120A;VC120A;298;0.917;0.9
2114;1VFB;AB:C;YC23A;YC23A;YC23A;298;0.41;0.4
362,2130;1VFB;AB:C;DB100A;DB100A;DH100A;298;3.005;2.9
357,2129;1VFB;AB:C;DB54A;DB54A;DH54A;298;0.816;1
374;1VFB;AB:C;DB58E;DB58E;DH58E;298;0.078;0.08
373;1VFB;AB:C;DB58N;DB58N;DH58N;298;-0.128;-0.13
369;1VFB;AB:C;GB31A;GB31A;GH31A;298;0.306;0.3
370;1VFB;AB:C;GB31E;GB31E;GH31E;298;-0.51;-0.51
371;1VFB;AB:C;GB31W;GB31W;GH31W;298;0.004;0.01
376;1VFB;AB:C;RB99W;RB99W;RH99W;298;0.705;0.71
375;1VFB;AB:C;RB99Y;RB99Y;RH99Y;298;1.235;1.26
367;1VFB;AB:C;SB28D;SB28D;SH28D;298;0;0
368;1VFB;AB:C;SB28E;SB28E;SH28E;298;-0.104;-0.1
365;1VFB;AB:C;SB28N;SB28N;SH28N;298;0.144;0.15
366;1VFB;AB:C;SB28Q;SB28Q;SH28Q;298;0.078;0.08
356,2128;1VFB;AB:C;WB52A;WB52A;WH52A;298;0.641;0.9
XXX;1VFB;AB:C;XXX;XXX;YH101A;XXX;XXX;4
364,2132;1VFB;AB:C;YB101F;YB101F;YH101F;298;1.27;1.6
355,2127;1VFB;AB:C;YB32A;YB32A;YH32A;298;0.792;1.1
372;1VFB;AB:C;YB32E;YB32E;YH32E;298;1.902;1.91
379;1VFB;AB:C;LA46D;LA46D;LL46D;298;5.629;8
380;1VFB;AB:C;LA46E;LA46E;LL46E;298;5.629;8
377;1VFB;AB:C;NA31W;NA31W;NL31W;298;0.174;0.17
383;1VFB;AB:C;TA52F;TA52F;TL52F;298;0.471;0.47
384;1VFB;AB:C;TA53R;TA53R;TL53R;298;1.646;1.67
352,2126;1VFB;AB:C;WA92A;WA92A;WL92A;298;3.038;3.3
349,2124;1VFB;AB:C;YA32A;YA32A;YL32A;298;1.528;1.7
378;1VFB;AB:C;YA32W;YA32W;YL32W;298;5.629;8
351,2125;1VFB;AB:C;YA50A;YA50A;YL50A;298;0.456;0.5
382;1VFB;AB:C;YA50K;YA50K;YL50K;298;1.716;1.67
381;1VFB;AB:C;YA50R;YA50R;YL50R;298;0.844;0.85
5171;1YY9;A:CD;ND56A;ND56A;NH56A;298;-0.057;-0.06
5172;1YY9;A:CD;TD61E;TD61E;TH61E;298;-0.057;-0.06
5170;1YY9;A:CD;NC93A;NC93A;NL93A;298;-0.742;-0.74
5168;1YY9;A:CD;SC26D;SC26D;SL26D;298;-0.199;-0.2
5169;1YY9;A:CD;TC31E;TC31E;TL31E;298;-0.519;-0.52
597;2JEL;HL:P;AP82S;AP82S;AP82S;298;0;0
587;2JEL;HL:P;DP69E;DP69E;DP69E;298;0.953;0.96
563;2JEL;HL:P;EP5D;EP5D;EP5D;298;0.41;0.41
564;2JEL;HL:P;EP5Q;EP5Q;EP5Q;298;0.713;0.72
585;2JEL;HL:P;EP66K;EP66K;EP66K;298;4.091;4.13
586;2JEL;HL:P;EP68A;EP68A;EP68A;298;0.41;0.41
589;2JEL;HL:P;EP70A;EP70A;EP70A;298;2.727;2.75
588;2JEL;HL:P;EP70K;EP70K;EP70K;298;4.091;4.13
593;2JEL;HL:P;EP75R;EP75R;EP75R;298;2.727;2.75
598;2JEL;HL:P;EP83A;EP83A;EP83A;298;0;0
601;2JEL;HL:P;EP85A;EP85A;EP85A;298;0;0
600;2JEL;HL:P;EP85D;EP85D;EP85D;298;0;0
602;2JEL;HL:P;EP85K;EP85K;EP85K;298;0;0
599;2JEL;HL:P;EP85Q;EP85Q;EP85Q;298;0;0
560;2JEL;HL:P;FP2W;FP2W;FP2W;298;2.619;2.64
559;2JEL;HL:P;FP2Y;FP2Y;FP2Y;298;0;0
595;2JEL;HL:P;HP76A;HP76A;HP76A;298;-0.41;-0.41
594;2JEL;HL:P;HP76D;HP76D;HP76D;298;-0.651;-0.66
572;2JEL;HL:P;KP24E;KP24E;KP24E;298;0;0
573;2JEL;HL:P;KP27E;KP27E;KP27E;298;0;0
592;2JEL;HL:P;KP72E;KP72E;KP72E;298;0.41;0.41
591;2JEL;HL:P;KP72R;KP72R;KP72R;298;0;0
596;2JEL;HL:P;KP79E;KP79E;KP79E;298;0.41;0.41
569;2JEL;HL:P;NP12D;NP12D;NP12D;298;0;0
577;2JEL;HL:P;NP38T;NP38T;NP38T;298;0;0
568;2JEL;HL:P;PP11E;PP11E;PP11E;298;0;0
561;2JEL;HL:P;QP3K;QP3K;QP3K;298;4.091;4.13
562;2JEL;HL:P;QP4K;QP4K;QP4K;298;1.364;1.38
581;2JEL;HL:P;QP57E;QP57E;QP57E;298;-0.41;-0.41
590;2JEL;HL:P;QP71E;QP71E;QP71E;298;2.727;2.75
570;2JEL;HL:P;RP17G;RP17G;RP17G;298;0;0
571;2JEL;HL:P;RP17K;RP17K;RP17K;298;0;0
578;2JEL;HL:P;SP41C;SP41C;SP41C;298;1.496;1.51
579;2JEL;HL:P;SP43C;SP43C;SP43C;298;0;0
580;2JEL;HL:P;SP46C;SP46C;SP46C;298;0;0
584;2JEL;HL:P;SP64T;SP64T;SP64T;298;4.091;4.13
575;2JEL;HL:P;TP34Q;TP34Q;TP34Q;298;0;0
576;2JEL;HL:P;TP36Q;TP36Q;TP36Q;298;0.41;0.41
583;2JEL;HL:P;TP62A;TP62A;TP62A;298;0;0
582;2JEL;HL:P;TP62N;TP62N;TP62N;298;0;0
566;2JEL;HL:P;TP7N;TP7N;TP7N;298;0.41;0.41
567;2JEL;HL:P;TP7S;TP7S;TP7S;298;0;0
565;2JEL;HL:P;VP6F;VP6F;VP6F;298;0;0
5235;2NYY;A:CD;DA1030A;DA1058A;DA1058A;296;0.009;0.01
5237;2NYY;A:CD;DA1034A;DA1062A;DA1062A;296;2.53;2.53
5228;2NYY;A:CD;EA892A;EA920A;EA920A;296;2.839;2.84
5225;2NYY;A:CD;FA889A;FA917A;FA917A;296;0.419;0.42
5230;2NYY;A:CD;FA925A;FA953A;FA953A;296;4.059;4.06
5239;2NYY;A:CD;HA1036A;HA1064A;HA1064A;296;7.319;7.32
5233;2NYY;A:CD;IA928A;IA956A;IA956A;296;-0.009;-0.01
5234;2NYY;A:CD;KA1028A;KA1056A;KA1056A;296;-0.029;-0.03
5223;2NYY;A:CD;KA875A;KA903A;KA903A;296;0.291;0.29
5229;2NYY;A:CD;KA895A;KA923A;KA923A;296;-0.14;-0.14
5227;2NYY;A:CD;LA891A;LA919A;LA919A;296;2.589;2.59
5226;2NYY;A:CD;NA890A;NA918A;NA918A;296;0.89;0.89
5231;2NYY;A:CD;NA926A;NA954A;NA954A;296;0.099;0.1
5224;2NYY;A:CD;QA887A;QA915A;QA915A;296;0.521;0.52
5236;2NYY;A:CD;RA1033A;RA1061A;RA1061A;296;0.82;0.82
5240;2NYY;A:CD;RA1266A;RA1294A;RA1294A;296;0.3;0.3
5222;2NYY;A:CD;SA874A;SA902A;SA902A;296;-0.23;-0.23
5232;2NYY;A:CD;SA927A;SA955A;SA955A;296;0;0
5238;2NYY;A:CD;TA1035A;TA1063A;TA1063A;296;1.631;1.62
5261;2NYY;A:CD;KD29R;KD30R;KH30R;296;0.071;0.07
5260;2NYY;A:CD;MD33Q;MD34Q;MH34Q;296;-0.06;-0.06
5262;2NYY;A:CD;YD30D;YD31D;YH31D;296;0.065;0.07
5263;2NYY;A:CD;YD30Q;YD31Q;YH31Q;296;0.129;0.13
5264;2NYY;A:CD;YD56Q;YD57Q;YH57Q;296;0.52;0.52
5266;2NYY;A:CD;DC30Y;DC30Y;DL30Y;296;0.641;0.65
5268;2NYY;A:CD;HC34R;HC34R;HL34R;296;0.101;0.1
5265;2NYY;A:CD;SC28Q;SC28Q;SL28Q;296;0.413;0.42
5267;2NYY;A:CD;SC31N;SC31N;SL31N;296;-0.353;-0.36
5254;2NZ9;A:CD;DA1030A;DA1058A;DA1058A;296;-0.031;-0.03
5256;2NZ9;A:CD;DA1034A;DA1062A;DA1062A;296;2.34;2.34
5247;2NZ9;A:CD;EA892A;EA920A;EA920A;296;2.77;2.77
5244;2NZ9;A:CD;FA889A;FA917A;FA917A;296;-0.05;-0.05
5249;2NZ9;A:CD;FA925A;FA953A;FA953A;296;3.34;3.34
5258;2NZ9;A:CD;HA1036A;HA1064A;HA1064A;296;7.42;7.42
5252;2NZ9;A:CD;IA928A;IA956A;IA956A;296;0.069;0.07
5253;2NZ9;A:CD;KA1028A;KA1056A;KA1056A;296;-0.009;-0.01
5242;2NZ9;A:CD;KA875A;KA903A;KA903A;296;0.541;0.54
5248;2NZ9;A:CD;KA895A;KA923A;KA923A;296;-0.3;-0.3
5246;2NZ9;A:CD;LA891A;LA919A;LA919A;296;2.28;2.28
5245;2NZ9;A:CD;NA890A;NA918A;NA918A;296;2.16;2.16
5250;2NZ9;A:CD;NA926A;NA954A;NA954A;296;-0.152;-0.15
5243;2NZ9;A:CD;QA887A;QA915A;QA915A;296;0.099;0.1
5255;2NZ9;A:CD;RA1033A;RA1061A;RA1061A;296;0.291;0.29
5259;2NZ9;A:CD;RA1266A;RA1294A;RA1294A;296;0.39;0.39
5241;2NZ9;A:CD;SA874A;SA902A;SA902A;296;-0.119;-0.12
5251;2NZ9;A:CD;SA927A;SA955A;SA955A;296;-0.079;-0.08
5257;2NZ9;A:CD;TA1035A;TA1063A;TA1063A;296;2.37;2.37
XXX;3BDY;HL:V;XXX;XXX;DH31A;XXX;XXX;0.2
XXX;3BDY;HL:V;XXX;XXX;DH98A;XXX;XXX;0
XXX;3BDY;HL:V;XXX;XXX;FH100A;XXX;XXX;0.7
XXX;3BDY;HL:V;XXX;XXX;GH96A;XXX;XXX;0.2
XXX;3BDY;HL:V;XXX;XXX;GH97A;XXX;XXX;-0.1
XXX;3BDY;HL:V;XXX;XXX;GH99A;XXX;XXX;0.8
XXX;3BDY;HL:V;XXX;XXX;KH30A;XXX;XXX;0.2
XXX;3BDY;HL:V;XXX;XXX;NH54A;XXX;XXX;-0.2
XXX;3BDY;HL:V;XXX;XXX;RH50A;XXX;XXX;-0.3
XXX;3BDY;HL:V;XXX;XXX;RH58A;XXX;XXX;-0.2
XXX;3BDY;HL:V;XXX;XXX;TH32A;XXX;XXX;-0.4
XXX;3BDY;HL:V;XXX;XXX;TH53A;XXX;XXX;-0.5
XXX;3BDY;HL:V;XXX;XXX;WH95A;XXX;XXX;2
XXX;3BDY;HL:V;XXX;XXX;YH100aA;XXX;XXX;0.5
XXX;3BDY;HL:V;XXX;XXX;YH33A;XXX;XXX;0.3
XXX;3BDY;HL:V;XXX;XXX;YH52A;XXX;XXX;0.4
XXX;3BDY;HL:V;XXX;XXX;YH56A;XXX;XXX;0.2
XXX;3BDY;HL:V;XXX;XXX;DL27aA;XXX;XXX;0
XXX;3BDY;HL:V;XXX;XXX;GL31A;XXX;XXX;1.2
XXX;3BDY;HL:V;XXX;XXX;GL51A;XXX;XXX;1
XXX;3BDY;HL:V;XXX;XXX;HL91A;XXX;XXX;2
XXX;3BDY;HL:V;XXX;XXX;IL27bA;XXX;XXX;1.1
XXX;3BDY;HL:V;XXX;XXX;IL29A;XXX;XXX;0.8
XXX;3BDY;HL:V;XXX;XXX;PL27cA;XXX;XXX;0.2
XXX;3BDY;HL:V;XXX;XXX;RL27dA;XXX;XXX;-0.2
XXX;3BDY;HL:V;XXX;XXX;SL28A;XXX;XXX;1
XXX;3BDY;HL:V;XXX;XXX;SL30A;XXX;XXX;1.3
XXX;3BDY;HL:V;XXX;XXX;SL52A;XXX;XXX;0.1
XXX;3BDY;HL:V;XXX;XXX;TL93A;XXX;XXX;-0.3
XXX;3BDY;HL:V;XXX;XXX;TL94A;XXX;XXX;0
XXX;3BDY;HL:V;XXX;XXX;WL50A;XXX;XXX;1.3
XXX;3BDY;HL:V;XXX;XXX;YL32A;XXX;XXX;1.7
XXX;3BDY;HL:V;XXX;XXX;YL53A;XXX;XXX;0.7
XXX;3BDY;HL:V;XXX;XXX;YL92A;XXX;XXX;1.4
XXX;3BE1;A:HL;XXX;XXX;DH31A;XXX;XXX;0.4
XXX;3BE1;A:HL;XXX;XXX;DH98A;XXX;XXX;-0.1
XXX;3BE1;A:HL;XXX;XXX;FH100A;XXX;XXX;1.9
XXX;3BE1;A:HL;XXX;XXX;GH96A;XXX;XXX;0.1
XXX;3BE1;A:HL;XXX;XXX;GH97A;XXX;XXX;0.3
XXX;3BE1;A:HL;XXX;XXX;GH99A;XXX;XXX;1.8
XXX;3BE1;A:HL;XXX;XXX;KH30A;XXX;XXX;-0.3
XXX;3BE1;A:HL;XXX;XXX;NH54A;XXX;XXX;-0.8
XXX;3BE1;A:HL;XXX;XXX;RH50A;XXX;XXX;2.4
XXX;3BE1;A:HL;XXX;XXX;RH58A;XXX;XXX;2.5
XXX;3BE1;A:HL;XXX;XXX;TH32A;XXX;XXX;-0.4
XXX;3BE1;A:HL;XXX;XXX;TH53A;XXX;XXX;0.1
XXX;3BE1;A:HL;XXX;XXX;WH95A;XXX;XXX;1.8
XXX;3BE1;A:HL;XXX;XXX;YH100aA;XXX;XXX;1.2
XXX;3BE1;A:HL;XXX;XXX;YH33A;XXX;XXX;2.4
XXX;3BE1;A:HL;XXX;XXX;YH52A;XXX;XXX;-0.8
XXX;3BE1;A:HL;XXX;XXX;YH56A;XXX;XXX;1.8
XXX;3BE1;A:HL;XXX;XXX;DL27aA;XXX;XXX;0
XXX;3BE1;A:HL;XXX;XXX;GL31A;XXX;XXX;0.3
XXX;3BE1;A:HL;XXX;XXX;GL51A;XXX;XXX;-0.3
XXX;3BE1;A:HL;XXX;XXX;HL91A;XXX;XXX;0.9
XXX;3BE1;A:HL;XXX;XXX;IL27bA;XXX;XXX;-0.2
XXX;3BE1;A:HL;XXX;XXX;IL29A;XXX;XXX;0.9
XXX;3BE1;A:HL;XXX;XXX;PL27cA;XXX;XXX;0.1
XXX;3BE1;A:HL;XXX;XXX;RL27dA;XXX;XXX;-0.2
XXX;3BE1;A:HL;XXX;XXX;SL28A;XXX;XXX;0.3
XXX;3BE1;A:HL;XXX;XXX;SL30A;XXX;XXX;-0.2
XXX;3BE1;A:HL;XXX;XXX;SL52A;XXX;XXX;0.3
XXX;3BE1;A:HL;XXX;XXX;TL93A;XXX;XXX;-0.4
XXX;3BE1;A:HL;XXX;XXX;TL94A;XXX;XXX;1.4
XXX;3BE1;A:HL;XXX;XXX;WL50A;XXX;XXX;1.4
XXX;3BE1;A:HL;XXX;XXX;YL32A;XXX;XXX;-0.8
XXX;3BE1;A:HL;XXX;XXX;YL53A;XXX;XXX;0.9
XXX;3BE1;A:HL;XXX;XXX;YL92A;XXX;XXX;0.5
1145;3BN9;B:CD;DB214A;DB217A;DA217A;298;0.566;0.57
1125;3BN9;B:CD;DB46A;DB60aA;DA60aA;298;0.422;0.42
1126;3BN9;B:CD;DB47A;DB60bA;DA60bA;298;0.311;0.31
1134;3BN9;B:CD;DB91A;DB96A;DA96A;298;6.695;6.7
1142;3BN9;B:CD;EB163A;EB169A;EA169A;298;0.373;0.37
1128;3BN9;B:CD;FB50A;FB60eA;FA60eA;298;-0.045;-0.05
1132;3BN9;B:CD;FB89A;FB94A;FA94A;298;0.639;0.64
1135;3BN9;B:CD;FB92A;FB97A;FA97A;298;6.695;6.7
1137;3BN9;B:CD;HB138A;HB143A;HA143A;298;0.085;0.09
1123;3BN9;B:CD;IB26A;IB41A;IA41A;298;0;0
1124;3BN9;B:CD;IB45A;IB60A;IA60A;298;0.835;0.84
1148;3BN9;B:CD;KB221A;KB224A;KA224A;298;0.785;0.79
1141;3BN9;B:CD;LB147A;LB153A;LA153A;298;0.336;0.34
1133;3BN9;B:CD;NB90A;NB95A;NA95A;298;0.773;0.77
1138;3BN9;B:CD;QB140A;QB145A;QA145A;298;0.133;0.13
1143;3BN9;B:CD;QB168A;QB174A;QA174A;298;-0.035;-0.03
1144;3BN9;B:CD;QB169A;QB175A;QA175A;298;2.509;2.51
1146;3BN9;B:CD;QB218A;QB221aA;QA221aA;298;0.706;0.71
1122;3BN9;B:CD;QB23A;QB38A;QA38A;298;-0.415;-0.42
1147;3BN9;B:CD;RB219A;RB222A;RA222A;298;-0.094;-0.09
1127;3BN9;B:CD;RB48A;RB60cA;RA60cA;298;-0.045;-0.05
1129;3BN9;B:CD;RB51A;RB60fA;RA60fA;298;-0.072;-0.07
1131;3BN9;B:CD;RB82A;RB87A;RA87A;298;-0.159;-0.16
1140;3BN9;B:CD;TB144A;TB150A;TA150A;298;0.291;0.29
1136;3BN9;B:CD;TB93A;TB98A;TA98A;298;1.132;1.13
1139;3BN9;B:CD;YB141A;YB146A;YA146A;298;1.085;1.09
1130;3BN9;B:CD;YB52A;YB60gA;YA60gA;298;0.019;0.02
1155;3BN9;B:CD;PD104H;PD100H;PH100H;298;2.427;8
1156;3BN9;B:CD;QD105V;QD100aV;QH100aV;298;1.224;1.36
1150;3BN9;B:CD;SD30G;SD30G;SH30G;298;1.186;1.36
1151;3BN9;B:CD;SD30N;SD30N;SH30N;298;1.146;1.36
1149;3BN9;B:CD;TD28R;TD28R;TH28R;298;0.333;0.3
1152;3BN9;B:CD;TD102Q;TD98Q;TH98Q;298;-0.022;0
1153;3BN9;B:CD;TD102R;TD98R;TH98R;298;-0.058;-0.06
1154;3BN9;B:CD;YD103S;YD99S;YH99S;298;0.459;0.41
XXX;3HFM;HL:Y;XXX;XXX;CH95A;XXX;XXX;5.52
XXX;3HFM;HL:Y;XXX;XXX;CH95F;XXX;XXX;3.25
2179;3HFM;HL:Y;DH32A;DH32A;DH32A;298;1.898;1.9
2182;3HFM;HL:Y;DH32N;DH32N;DH32N;298;0.17;0.17
2187;3HFM;HL:Y;SH31A;SH31A;SH31A;298;0.17;0.17
2167;3HFM;HL:Y;YH33A;YH33A;YH33A;298;6.035;6
2188;3HFM;HL:Y;YH50A;YH50A;YH50A;298;7.32;8
2151;3HFM;HL:Y;NL31A;NL31A;NL31A;298;5.214;5.22
2153;3HFM;HL:Y;NL31D;NL31D;NL31D;298;1.343;1.34
2154;3HFM;HL:Y;NL31E;NL31E;NL31E;298;5.707;5.67
2148;3HFM;HL:Y;NL32A;NL32A;NL32A;298;5.107;5.11
2190;3HFM;HL:Y;QL53A;QL53A;QL53A;298;0.953;0.95
2155;3HFM;HL:Y;YL50A;YL50A;YL50A;298;4.558;4.57
2157;3HFM;HL:Y;YL50F;YL50F;YL50F;298;2.355;2.36
2156;3HFM;HL:Y;YL50L;YL50L;YL50L;298;4.393;4.4
2191;3HFM;HL:Y;YL96A;YL96A;YL96A;298;2.707;2.71
2194;3HFM;HL:Y;YL96F;YL96F;YL96F;298;1.402;1.4
2150,2262;3HFM;HL:Y;KY96A;KY96A;KY96A;298;6.737;6.83
2166,2237;3HFM;HL:Y;KY97A;KY97A;KY97A;298;5.861;6.18
2185,2240;3HFM;HL:Y;KY97M;KY97M;KY97M;298;0.947;1.09
2186,2228,2256;3HFM;HL:Y;RY21A;RY21A;RY21A;298;0.903;1.03
2147,2255;3HFM;HL:Y;YY20A;YY20A;YY20A;298;4.574;4.87
XXX;3K2M;A:C;XXX;XXX;ED52A;XXX;XXX;2.5
XXX;3K2M;A:C;XXX;XXX;MD88A;XXX;XXX;4
XXX;3K2M;A:C;XXX;XXX;RD38A;XXX;XXX;2.5
XXX;3K2M;A:C;XXX;XXX;WD80A;XXX;XXX;4
XXX;3K2M;A:C;XXX;XXX;YD35A;XXX;XXX;1
XXX;3K2M;A:C;XXX;XXX;YD36A;XXX;XXX;3.7
XXX;3K2M;A:C;XXX;XXX;YD87A;XXX;XXX;4
5306;3NGB;G:HL;AH57G;AH56G;AH56G;298;-0.056;-0.06
5305;3NGB;G:HL;GH55S;GH54S;GH54S;298;0.743;0.73
5311;3NGB;G:HL;IH30T;IH30T;IH30T;298;0.073;0.08
5312;3NGB;G:HL;KH52N;KH52N;KH52N;298;0.175;0.18
5308;3NGB;G:HL;PH63K;PH62K;PH62K;298;0.233;0.23
5313;3NGB;G:HL;RH54N;RH53N;RH53N;298;0.046;0.05
5314;3NGB;G:HL;RH62Q;RH61Q;RH61Q;298;0.097;0.1
5304;3NGB;G:HL;TH33Y;TH33Y;TH33Y;298;0.084;0.08
5307;3NGB;G:HL;VH58T;VH57T;VH57T;298;0.138;0.14
5309;3NGB;G:HL;VH74T;VH73T;VH73T;298;0.165;0.16
5310;3NGB;G:HL;YH75S;YH74S;YH74S;298;0.333;0.33
1180;3NPS;A:BC;DA214A;DA217A;DA214A;298;1.467;1.48
1160;3NPS;A:BC;DA46A;DA60aA;DA46A;298;0.34;0.34
1161;3NPS;A:BC;DA47A;DA60bA;DA47A;298;1.067;1.08
1169;3NPS;A:BC;DA91A;DA96A;DA91A;298;1.507;1.52
1177;3NPS;A:BC;EA163A;EA169A;EA163A;298;0.615;0.62
1163;3NPS;A:BC;FA50A;FA60eA;FA50A;298;0.22;0.22
1167;3NPS;A:BC;FA89A;FA94A;FA89A;298;1.571;1.61
1170;3NPS;A:BC;FA92A;FA97A;FA92A;298;0.464;0.47
1172;3NPS;A:BC;HA138A;HA143A;HA138A;298;1.875;1.89
1158;3NPS;A:BC;IA26A;IA41A;IA26A;298;0.642;0.65
1159;3NPS;A:BC;IA45A;IA60A;IA45A;298;-0.332;-0.34
1183;3NPS;A:BC;KA221A;KA224A;KA221A;298;-0.104;-0.1
1176;3NPS;A:BC;LA147A;LA153A;LA147A;298;0.296;0.3
1168;3NPS;A:BC;NA90A;NA95A;NA90A;298;0.253;0.26
1173;3NPS;A:BC;QA140A;QA145A;QA140A;298;0.296;0.3
1178;3NPS;A:BC;QA168A;QA174A;QA168A;298;-0.059;-0.06
1179;3NPS;A:BC;QA169A;QA175A;QA169A;298;0.741;0.75
1181;3NPS;A:BC;QA218A;QA221aA;QA218A;298;-0.041;-0.04
1157;3NPS;A:BC;QA23A;QA38A;QA23A;298;0.026;0.03
1182;3NPS;A:BC;RA219A;RA222A;RA219A;298;-0.084;-0.08
1162;3NPS;A:BC;RA48A;RA60cA;RA48A;298;-1.063;-1.07
1164;3NPS;A:BC;RA51A;RA60fA;RA51A;298;0.138;0.14
1166;3NPS;A:BC;RA82A;RA87A;RA82A;298;-0.152;-0.15
1175;3NPS;A:BC;TA144A;TA150A;TA144A;298;0.175;0.18
1171;3NPS;A:BC;TA93A;TA98A;TA93A;298;0.724;0.73
1174;3NPS;A:BC;YA141A;YA146A;YA141A;298;1.775;1.79
1165;3NPS;A:BC;YA52A;YA60gA;YA52A;298;0.452;0.46
XXX;HM_1KTZ;A:B;XXX;XXX;DB118A;XXX;XXX;0.8
XXX;HM_1KTZ;A:B;XXX;XXX;DB32A;XXX;XXX;1.5
XXX;HM_1KTZ;A:B;XXX;XXX;DB32N;XXX;XXX;2
XXX;HM_1KTZ;A:B;XXX;XXX;EB119A;XXX;XXX;1.5
XXX;HM_1KTZ;A:B;XXX;XXX;EB119Q;XXX;XXX;1.6
XXX;HM_1KTZ;A:B;XXX;XXX;EB55A;XXX;XXX;1.2
XXX;HM_1KTZ;A:B;XXX;XXX;EB75A;XXX;XXX;1.1
XXX;HM_1KTZ;A:B;XXX;XXX;FB110A;XXX;XXX;0.9
XXX;HM_1KTZ;A:B;XXX;XXX;FB30A;XXX;XXX;3
XXX;HM_1KTZ;A:B;XXX;XXX;HB79A;XXX;XXX;0.3
XXX;HM_1KTZ;A:B;XXX;XXX;IB125A;XXX;XXX;0.5
XXX;HM_1KTZ;A:B;XXX;XXX;IB50A;XXX;XXX;1.9
XXX;HM_1KTZ;A:B;XXX;XXX;IB53A;XXX;XXX;1.4
XXX;HM_1KTZ;A:B;XXX;XXX;LB27A;XXX;XXX;1.8
XXX;HM_1KTZ;A:B;XXX;XXX;MB112A;XXX;XXX;0.9
XXX;HM_1KTZ;A:B;XXX;XXX;NB47A;XXX;XXX;0.3
XXX;HM_1KTZ;A:B;XXX;XXX;SB49A;XXX;XXX;0.3
XXX;HM_1KTZ;A:B;XXX;XXX;SB52A;XXX;XXX;0.2
XXX;HM_1KTZ;A:B;XXX;XXX;SB52L;XXX;XXX;4
XXX;HM_1KTZ;A:B;XXX;XXX;TB51A;XXX;XXX;1.5
XXX;HM_1KTZ;A:B;XXX;XXX;VB62A;XXX;XXX;0.7
XXX;HM_1KTZ;A:B;XXX;XXX;VB77A;XXX;XXX;0.4
XXX;HM_1YY9;A:CD;XXX;XXX;AH98W;XXX;XXX;-0.23
XXX;HM_1YY9;A:CD;XXX;XXX;GH33D;XXX;XXX;-0.89
XXX;HM_1YY9;A:CD;XXX;XXX;IH51G;XXX;XXX;-0.51
XXX;HM_1YY9;A:CD;XXX;XXX;RH97D;XXX;XXX;-0.99
XXX;HM_1YY9;A:CD;XXX;XXX;TH100Y;XXX;XXX;-0.45
XXX;HM_1YY9;A:CD;XXX;XXX;TH57G;XXX;XXX;-0.46
XXX;HM_1YY9;A:CD;XXX;XXX;TH57P;XXX;XXX;-0.48
XXX;HM_1YY9;A:CD;XXX;XXX;VH50L;XXX;XXX;-0.6
XXX;HM_1YY9;A:CD;XXX;XXX;VH50Q;XXX;XXX;-0.64
XXX;HM_1YY9;A:CD;XXX;XXX;YH32R;XXX;XXX;-0.13
XXX;HM_1YY9;A:CD;XXX;XXX;AL25V;XXX;XXX;-0.62
XXX;HM_1YY9;A:CD;XXX;XXX;GL30Y;XXX;XXX;-0.92
XXX;HM_1YY9;A:CD;XXX;XXX;QL27Y;XXX;XXX;-0.83
XXX;HM_1YY9;A:CD;XXX;XXX;TL97C;XXX;XXX;-0.51
XXX;HM_1YY9;A:CD;XXX;XXX;TL97D;XXX;XXX;-0.66
XXX;HM_1YY9;A:CD;XXX;XXX;TL97S;XXX;XXX;-0.7
XXX;HM_2NYY;A:CD;XXX;XXX;DA1062A;XXX;XXX;-0.14
XXX;HM_2NYY;A:CD;XXX;XXX;DA902A;XXX;XXX;-0.49
XXX;HM_2NYY;A:CD;XXX;XXX;EA920A;XXX;XXX;0.5
XXX;HM_2NYY;A:CD;XXX;XXX;FA953A;XXX;XXX;1.53
XXX;HM_2NYY;A:CD;XXX;XXX;IA917A;XXX;XXX;0.95
XXX;HM_2NYY;A:CD;XXX;XXX;KA915A;XXX;XXX;-0.31
XXX;HM_2NYY;A:CD;XXX;XXX;KA955A;XXX;XXX;-0.5
XXX;HM_2NYY;A:CD;XXX;XXX;LA919A;XXX;XXX;0.41
XXX;HM_2NYY;A:CD;XXX;XXX;NA918A;XXX;XXX;0.3
XXX;HM_2NYY;A:CD;XXX;XXX;NA957A;XXX;XXX;0.01
XXX;HM_2NYY;A:CD;XXX;XXX;PA1063A;XXX;XXX;0.24
XXX;HM_2NYY;A:CD;XXX;XXX;RA1061A;XXX;XXX;0.58
XXX;HM_2NYY;A:CD;XXX;XXX;RA1064A;XXX;XXX;4.44
XXX;HM_2NYY;A:CD;XXX;XXX;RA903A;XXX;XXX;-0.02
XXX;HM_2NYY;A:CD;XXX;XXX;SA954A;XXX;XXX;-0.66
XXX;HM_2NYY;A:CD;XXX;XXX;TA923A;XXX;XXX;0.62
XXX;HM_2NYY;A:CD;XXX;XXX;KH30R;XXX;XXX;0.51
XXX;HM_2NYY;A:CD;XXX;XXX;MH34Q;XXX;XXX;-0.01
XXX;HM_2NYY;A:CD;XXX;XXX;YH31D;XXX;XXX;0.97
XXX;HM_2NYY;A:CD;XXX;XXX;YH31Q;XXX;XXX;1.33
XXX;HM_2NYY;A:CD;XXX;XXX;YH57Q;XXX;XXX;1.19
XXX;HM_2NYY;A:CD;XXX;XXX;DL30Y;XXX;XXX;0.6
XXX;HM_2NYY;A:CD;XXX;XXX;HL34R;XXX;XXX;0.63
XXX;HM_2NYY;A:CD;XXX;XXX;SL28Q;XXX;XXX;0.7
XXX;HM_2NYY;A:CD;XXX;XXX;SL31N;XXX;XXX;1.2
XXX;HM_2NZ9;A:CD;XXX;XXX;DA1062A;XXX;XXX;-0.14
XXX;HM_2NZ9;A:CD;XXX;XXX;DA902A;XXX;XXX;-0.49
XXX;HM_2NZ9;A:CD;XXX;XXX;EA920A;XXX;XXX;0.5
XXX;HM_2NZ9;A:CD;XXX;XXX;FA953A;XXX;XXX;1.53
XXX;HM_2NZ9;A:CD;XXX;XXX;IA917A;XXX;XXX;0.95
XXX;HM_2NZ9;A:CD;XXX;XXX;KA915A;XXX;XXX;-0.31
XXX;HM_2NZ9;A:CD;XXX;XXX;KA955A;XXX;XXX;-0.5
XXX;HM_2NZ9;A:CD;XXX;XXX;LA919A;XXX;XXX;0.41
XXX;HM_2NZ9;A:CD;XXX;XXX;NA918A;XXX;XXX;0.3
XXX;HM_2NZ9;A:CD;XXX;XXX;NA957A;XXX;XXX;0.01
XXX;HM_2NZ9;A:CD;XXX;XXX;PA1063A;XXX;XXX;0.24
XXX;HM_2NZ9;A:CD;XXX;XXX;RA1061A;XXX;XXX;0.58
XXX;HM_2NZ9;A:CD;XXX;XXX;RA1064A;XXX;XXX;4.44
XXX;HM_2NZ9;A:CD;XXX;XXX;RA903A;XXX;XXX;-0.02
XXX;HM_2NZ9;A:CD;XXX;XXX;SA954A;XXX;XXX;-0.66
XXX;HM_2NZ9;A:CD;XXX;XXX;TA923A;XXX;XXX;0.62
XXX;HM_3BN9;B:CD;XXX;XXX;PH100H;XXX;XXX;1.36
XXX;HM_3BN9;B:CD;XXX;XXX;QH100aV;XXX;XXX;0.41
XXX;HM_3BN9;B:CD;XXX;XXX;SH30G;XXX;XXX;0.71
XXX;HM_3BN9;B:CD;XXX;XXX;SH30N;XXX;XXX;0.71
XXX;HM_3BN9;B:CD;XXX;XXX;TH28R;XXX;XXX;-0.24
XXX;HM_3BN9;B:CD;XXX;XXX;TH98Q;XXX;XXX;-0.16
XXX;HM_3BN9;B:CD;XXX;XXX;TH98R;XXX;XXX;-1.57
XXX;HM_3BN9;B:CD;XXX;XXX;YH99S;XXX;XXX;0.54