PDB;resolution;date;year;experiment_type;all_chains;n_res_in_structure;uniprot
3BX1;1.85;01/11/08;2008;X-RAY DIFFRACTION;AC;450;P29600,P07596
4G2V;2.4;07/13/12;2012;X-RAY DIFFRACTION;AB;338;Q8VDU0,Q5SYB0
1TO1;1.68;06/11/04;2004;X-RAY DIFFRACTION;EI;345;P00782,Q40059
1EFN;2.5;06/29/96;1996;X-RAY DIFFRACTION;AB;161;P06241,P03406
2NZ9;3.79;11/22/06;2006;X-RAY DIFFRACTION;ACD;1700;P10845
2SGP;1.8;03/25/99;1999;X-RAY DIFFRACTION;EI;236;P68390,P00777
1Y34;1.55;11/23/04;2004;X-RAY DIFFRACTION;EI;345;P00782,Q40059
1CT0;1.8;08/18/99;1999;X-RAY DIFFRACTION;EI;236;P68390,P00777
4BFI;3.22;03/19/13;2013;X-RAY DIFFRACTION;AB;393;O54901,Q9ES57
1B41;2.76;01/05/99;1999;X-RAY DIFFRACTION;AB;592;P22303,P0C1Z0
3H9S;2.7;04/30/09;2009;X-RAY DIFFRACTION;ABCDE;829;P61769,P38110,P01892
4U6H;3.1;07/29/14;2014;X-RAY DIFFRACTION;ABE;600;P07612
1TM5;1.45;06/10/04;2004;X-RAY DIFFRACTION;EI;345;P00782,Q40059
2PCC;2.3;04/14/93;1993;X-RAY DIFFRACTION;AB;402;P00044,P00431
3BTW;2.05;03/11/99;1999;X-RAY DIFFRACTION;EI;278;P00974,P00760
3NVQ;2.4;07/08/10;2010;X-RAY DIFFRACTION;AB;1062;O75326,O60486
1OHZ;2.2;06/04/03;2003;X-RAY DIFFRACTION;AB;196;P51584,Q06851
3QIB;2.7;01/26/11;2011;X-RAY DIFFRACTION;ABCDP;794;P04224,P01848,P00039,P04230
1IAR;2.3;02/25/99;1999;X-RAY DIFFRACTION;AB;317;P24394,P05112
2B12;3.02;09/15/05;2005;X-RAY DIFFRACTION;AB;402;P00044,P00431
3QDG;2.69;01/18/11;2011;X-RAY DIFFRACTION;ABCDE;826;P01848,P61769,P01892
2NU4;1.75;11/08/06;2006;X-RAY DIFFRACTION;EI;236;P68436,P00777
1K8R;3;10/25/01;2001;X-RAY DIFFRACTION;AB;248;P01112,P28829
2VLO;1.8;01/15/08;2008;X-RAY DIFFRACTION;AB;222;P13479,P09883
1CBW;2.6;12/22/96;1996;X-RAY DIFFRACTION;FGHI;297;P00974,P00767,P00766
3S9D;1.9999;06/01/11;2011;X-RAY DIFFRACTION;AB;307;P01563,P48551
3BE1;2.9;11/15/07;2007;X-RAY DIFFRACTION;AHL;1012;P01857,P01834,P04626
4NM8;4.0041;11/14/13;2013;X-RAY DIFFRACTION;ABCDEFHL;1899;Q91MA7,S6C4S0,P01834
3BTG;1.9;03/10/99;1999;X-RAY DIFFRACTION;EI;279;P00974,P00760
1S0W;2.3;01/05/04;2004;X-RAY DIFFRACTION;AC;428;P35804,P62593
3NCC;2.5;06/04/10;2010;X-RAY DIFFRACTION;AB;392;P16471,P01236
1.00E+96;2.4;10/10/00;2000;X-RAY DIFFRACTION;AB;363;P63000,P19878
2KSO;-1;01/10/10;2010;SOLUTION NMR;AB;124;O15357,P29317
1BD2;2.5;05/12/98;1998;X-RAY DIFFRACTION;ABCDE;815;A0A5B9,P01848,P01892,P61769,P0C213
2VLQ;1.6;01/15/08;2008;X-RAY DIFFRACTION;AB;218;P13479,P09883
1XD3;1.45;09/03/04;2004;X-RAY DIFFRACTION;AB;304;P0CG48,P15374
1NCA;2.5;01/21/92;1992;X-RAY DIFFRACTION;HLN;824;P01865,P03472
1XXM;1.9;11/07/04;2004;X-RAY DIFFRACTION;AC;428;P35804,P62593
1AHW;3;04/10/97;1997;X-RAY DIFFRACTION;ABC;628;P13726,P01837,X5J519
6M0J;2.45;02/21/20;2020;X-RAY DIFFRACTION;AE;791;P0DTC2,Q9BYF1
3BDY;2.6;11/15/07;2007;X-RAY DIFFRACTION;HLV;528;P01857,P01834,P15692
1TM1;1.7;06/10/04;2004;X-RAY DIFFRACTION;EI;345;P00782,Q40059
2NU0;1.95;11/08/06;2006;X-RAY DIFFRACTION;EI;236;P68436,P00777
1B2U;2.1;12/01/98;1998;X-RAY DIFFRACTION;AD;200;P00648,P11540
1UUZ;1.8;01/12/04;2004;X-RAY DIFFRACTION;AD;259;Q9HXB1,P00698
1DVF;1.9;04/13/96;1996;X-RAY DIFFRACTION;ABCD;451;P01820,A0NA69,P01646,P01635
1A22;2.6;01/15/98;1998;X-RAY DIFFRACTION;AB;372;P10912,P01241
4CPA;2.5;03/24/82;1982;X-RAY DIFFRACTION;AI;344;P00730,P01075
3C60;3.05;02/01/08;2008;X-RAY DIFFRACTION;ABCD;818;P14434,P01848,P14483
3N0P;2.1;05/14/10;2010;X-RAY DIFFRACTION;AB;392;P16471,P01236
1U7F;2.6;08/03/04;2004;X-RAY DIFFRACTION;ABC;583;Q13485,P84022
1GL0;3;08/22/01;2001;X-RAY DIFFRACTION;EI;273;P80060,P00766
3TGK;1.7;07/19/98;1998;X-RAY DIFFRACTION;EI;273;P00974,P00763
4K71;2.4;04/16/13;2013;X-RAY DIFFRACTION;ABC;946;P61769,P55899,P02768
2B11;2.3;09/15/05;2005;X-RAY DIFFRACTION;AB;402;P00044,P00431
2E7L;2.5;01/11/07;2007;X-RAY DIFFRACTION;ADEQ;408;P01897,A2NTY6,A2NTU7
1YCS;2.2;09/30/96;1996;X-RAY DIFFRACTION;AB;384;Q13625,P04637
3Q8D;2.3;01/06/11;2011;X-RAY DIFFRACTION;AE;234;P0A7H3,D5D6S3,P28044
1Y48;1.84;11/30/04;2004;X-RAY DIFFRACTION;EI;345;P00782,Q40059
1KNE;2.4;12/18/01;2001;X-RAY DIFFRACTION;AP;57;P05205,P02299
3BK3;2.7;12/05/07;2007;X-RAY DIFFRACTION;AC;171;P12643,Q5D734
2REX;2.3;09/27/07;2007;X-RAY DIFFRACTION;AB;278;O43157,Q92730
1MHP;2.8;08/20/02;2002;X-RAY DIFFRACTION;AHL;615;P18614
3SE9;2;06/10/11;2011;X-RAY DIFFRACTION;GHL;777;Q0ED31
3SGB;1.8;01/21/83;1983;X-RAY DIFFRACTION;EI;235;P68390,P00777
2I9B;2.8;09/05/06;2006;X-RAY DIFFRACTION;ABCDEFGH;1514;Q03405,P00749
1XGU;2.1;09/17/04;2004;X-RAY DIFFRACTION;ABC;553;P01837,P00698
4NKQ;3.301;11/13/13;2013;X-RAY DIFFRACTION;ABC;708;P04141,P15509,P32927
1R0R;1.1;09/22/03;2003;X-RAY DIFFRACTION;EI;325;P68390,P00780
1PPF;1.8;10/24/91;1991;X-RAY DIFFRACTION;EI;274;P68390,P08246
1JRH;2.8;09/23/97;1997;X-RAY DIFFRACTION;HIL;442;P01837,P15260
3SZK;3.01;07/19/11;2011;X-RAY DIFFRACTION;ABC;426;P69905,Q8NW39,P68871
2VLJ;2.4;01/15/08;2008;X-RAY DIFFRACTION;ABCDE;824;P01848,P61769,P01892,P01850
2VLP;2;01/15/08;2008;X-RAY DIFFRACTION;AB;216;P13479,P09883
1TM7;1.59;06/10/04;2004;X-RAY DIFFRACTION;EI;345;P00782,Q40059
4UYQ;1.81;09/02/14;2014;X-RAY DIFFRACTION;AB;217;Q7WYN2,Q7WYN3
3QHY;2.06;01/26/11;2011;X-RAY DIFFRACTION;AB;529;O87916,Q93T42
5XCO;1.25;03/23/17;2017;X-RAY DIFFRACTION;AB;189;P01116
3SE4;3.5001;06/10/11;2011;X-RAY DIFFRACTION;ABC;618;P05000,P17181,P48551
2ABZ;2.16;07/18/05;2005;X-RAY DIFFRACTION;BE;361;P00730,P81511
2G2U;1.6;02/16/06;2006;X-RAY DIFFRACTION;AB;430;P35804,P0AD64
1YY9;2.605;02/24/05;2005;X-RAY DIFFRACTION;ACD;1044;P00533
2NU1;1.8;11/08/06;2006;X-RAY DIFFRACTION;EI;236;P68436,P00777
1M9E;1.72;07/28/02;2002;X-RAY DIFFRACTION;AD;299;P62937,Q72497,Q4JL05,P62941
2SGQ;1.8;03/25/99;1999;X-RAY DIFFRACTION;EI;236;P68390,P00777
2AK4;2.5;08/03/05;2005;X-RAY DIFFRACTION;ABCDE;833;P01848,P61769,P01850,P30685,P03206
1SGD;1.8;03/25/99;1999;X-RAY DIFFRACTION;EI;236;P68390,P00777
2J0T;2.54;08/04/06;2006;X-RAY DIFFRACTION;AD;285;P03956,P01033
1JTG;1.73;08/20/01;2001;X-RAY DIFFRACTION;AB;427;P35804,P62593,P62594
1X1X;2.3;04/15/05;2005;X-RAY DIFFRACTION;AD;199;P00648,P11540
1SGQ;1.9;05/26/95;1995;X-RAY DIFFRACTION;EI;236;P68390,P00777
5E6P;3.215;10/10/15;2015;X-RAY DIFFRACTION;AB;579;O15085,B2RXS4
3QFJ;2.29;01/21/11;2011;X-RAY DIFFRACTION;ABCDE;829;P61769,P01892
4JEU;3.2;02/27/13;2013;X-RAY DIFFRACTION;AB;783;P61765,P32851
2PCB;2.8;04/14/93;1993;X-RAY DIFFRACTION;AB;398;P00004,P00431
2VIR;3.25;12/22/97;1997;X-RAY DIFFRACTION;ABC;698;P03437,Q99LC4
3NGB;2.68;06/11/10;2010;X-RAY DIFFRACTION;GHL;779;Q0ED31
4JPK;2.4;03/19/13;2013;X-RAY DIFFRACTION;AHL;598;P04578
5F4E;2.4;12/03/15;2015;X-RAY DIFFRACTION;AB;442;Q8IYV9,A6ND01
5CYK;3;07/30/15;2015;X-RAY DIFFRACTION;AB;804;G0SFB5,G0SCK6
5UFE;2.302;01/04/17;2017;X-RAY DIFFRACTION;AB;220;P01116
3N06;2;05/13/10;2010;X-RAY DIFFRACTION;AB;392;P16471,P01236
4GNK;4;08/17/12;2012;X-RAY DIFFRACTION;AB;1106;P21279,Q01970
4NZW;3.583;12/13/13;2013;X-RAY DIFFRACTION;AB;575;O00506,Q9Y376
2HLE;2.05;07/06/06;2006;X-RAY DIFFRACTION;AB;321;P54760,P52799
1Z7X;1.95;03/28/05;2005;X-RAY DIFFRACTION;WX;586;P13489,P07998
3UIG;2.4;11/04/11;2011;X-RAY DIFFRACTION;AP;139;P68431,O15392
4MYW;3.189;09/28/13;2013;X-RAY DIFFRACTION;AB;535;Q15223,P03172
1Y3D;1.8;11/24/04;2004;X-RAY DIFFRACTION;EI;345;P00782,Q40059
4HFK;2.1;10/05/12;2012;X-RAY DIFFRACTION;ABD;355;D5C6F6,D5C6F7
1MQ8;3.3;09/15/02;2002;X-RAY DIFFRACTION;AB;361;P05362,P20701
3N85;3.2;05/27/10;2010;X-RAY DIFFRACTION;AHL;1033;P04626
4B0M;1.8;07/03/12;2012;X-RAY DIFFRACTION;ABM;478;P26948,P26949,P26926
4GXU;3.294;09/04/12;2012;X-RAY DIFFRACTION;ABCDEFMN;1928;Q9WFX3
3EQY;1.63;10/01/08;2008;X-RAY DIFFRACTION;AC;96;O15151
1AK4;2.36;05/28/97;1997;X-RAY DIFFRACTION;AD;310;P62937,P12497,P62941
1C1Y;1.9;07/22/99;1999;X-RAY DIFFRACTION;AB;244;P04049,P62834
1KBH;-1;11/06/01;2001;SOLUTION NMR;AB;106;Q9Y6Q9,P45481
1XGQ;2.1;09/17/04;2004;X-RAY DIFFRACTION;ABC;554;P01837,P00698,P01863
1H9D;2.6;03/07/01;2001;X-RAY DIFFRACTION;AB;250;Q13951,Q01196
1FFW;2.7;07/26/00;2000;X-RAY DIFFRACTION;AB;196;P07363,P0AE67
4YH7;4.4;02/27/15;2015;X-RAY DIFFRACTION;AB;909;Q64487,P59823
2VN5;1.9;01/31/08;2008;X-RAY DIFFRACTION;AB;198;Q45996,P17901
1EAW;2.93;07/17/01;2001;X-RAY DIFFRACTION;AB;297;P00974,Q9Y5Y6
2B0U;2.8;09/14/05;2005;X-RAY DIFFRACTION;ABC;519;P08476,P19883
4OFY;3.3;01/15/14;2014;X-RAY DIFFRACTION;AD;637;B1Q236,Q9U3P2
1DQJ;2;01/04/00;2000;X-RAY DIFFRACTION;ABC;553;P01837,P00698,P01863
3LB6;3.05;01/07/10;2010;X-RAY DIFFRACTION;AC;359;P35225,Q14627
2B10;2.8;09/15/05;2005;X-RAY DIFFRACTION;AB;402;P00044,P00431
1KIQ;1.85;10/23/96;1996;X-RAY DIFFRACTION;ABC;352;P01820,P01635,P00698
2NU2;1.65;11/08/06;2006;X-RAY DIFFRACTION;EI;236;P68436,P00777
3BTT;1.9;03/10/99;1999;X-RAY DIFFRACTION;EI;279;P00974,P00760
1CSE;1.2;06/03/88;1988;X-RAY DIFFRACTION;EI;337;B0FXJ2,P01051
1QAB;3.2;02/03/99;1999;X-RAY DIFFRACTION;ABCDE;649;P02753,P02766
4FZA;3.15;07/06/12;2012;X-RAY DIFFRACTION;AB;605;Q9Y376,Q9P289
3W2D;3.1;11/28/12;2012;X-RAY DIFFRACTION;AHL;663;P01552
4JFE;2.7;02/28/13;2013;X-RAY DIFFRACTION;ABCDE;828;P01848,P61769,P01892,P01850
3D5R;2.1;05/16/08;2008;X-RAY DIFFRACTION;AC;362;A6QG59
3HFM;3;08/11/88;1988;X-RAY DIFFRACTION;HLY;558;P01837,P00698,P01868
4CVW;2.67;03/31/14;2014;X-RAY DIFFRACTION;AC;975;O48541,Q2V8X0
5CXB;2.1;07/28/15;2015;X-RAY DIFFRACTION;AB;817;G0SFB5,G0SCK6
3AAA;2.2;11/12/09;2009;X-RAY DIFFRACTION;ABC;634;P14315,P58546,P13127
1XGT;2.1;09/17/04;2004;X-RAY DIFFRACTION;ABC;554;P00698
1SGP;1.4;05/26/95;1995;X-RAY DIFFRACTION;EI;236;P68390,P00777
3MZG;2.1;05/12/10;2010;X-RAY DIFFRACTION;AB;392;P16471,P01236
2BNQ;1.7;03/31/05;2005;X-RAY DIFFRACTION;ABCDE;829;A0A5B9,P01848,P01892,P61769,P78358
1GL1;2.1;08/22/01;2001;X-RAY DIFFRACTION;AI;273;P80060,P00766
4JFF;2.43;02/28/13;2013;X-RAY DIFFRACTION;ABCDE;828;P01848,P01892,P61769,P01850,Q16655
1X1W;2.1;04/14/05;2005;X-RAY DIFFRACTION;AD;198;P00648,P11540
2J12;1.5;08/08/06;2006;X-RAY DIFFRACTION;AB;302;Q80S15,P78310
1TMG;1.67;06/10/04;2004;X-RAY DIFFRACTION;EI;345;P00782,Q40059
3B4V;2.48;10/24/07;2007;X-RAY DIFFRACTION;ABC;429;O95633,P08476
1KIP;2.1;10/23/96;1996;X-RAY DIFFRACTION;ABC;352;P01820,P01635,P00698
4RA0;3.07;09/09/14;2014;X-RAY DIFFRACTION;AC;577;Q14393-2,P30530,Q14393
3QDJ;2.3;01/18/11;2011;X-RAY DIFFRACTION;ABCDE;825;P01848,P61769,P01892
1CZ8;2.4;09/01/99;1999;X-RAY DIFFRACTION;HLVW;619;P15692
1E+050;2.6;07/13/00;2000;X-RAY DIFFRACTION;AB;245;Q13951,Q01196
2BNR;1.9;03/31/05;2005;X-RAY DIFFRACTION;ABCDE;829;P01848,P01892,P61769,P01850,P78358
1KAC;2.6;05/05/99;1999;X-RAY DIFFRACTION;AB;309;P78310,P36711
1FSS;3;10/25/95;1995;X-RAY DIFFRACTION;AB;593;P04058,P0C1Z0
5TAR;1.9;09/10/16;2016;X-RAY DIFFRACTION;AB;332;O43924,P01116
4O27;3.185;12/16/13;2013;X-RAY DIFFRACTION;AB;606;Q9Y376,Q9Y6E0
4I77;1.9;11/30/12;2012;X-RAY DIFFRACTION;HLZ;534;P35225
4WND;1.5;10/11/14;2014;X-RAY DIFFRACTION;AB;355;P81274,Q14CM0
2DVW;2.3;08/01/06;2006;X-RAY DIFFRACTION;AB;302;Q9Z2X2,P43686
2GOX;2.2;04/14/06;2006;X-RAY DIFFRACTION;AB;362;P68799,P01024
1BJ1;2.4;06/30/98;1998;X-RAY DIFFRACTION;HLVW;619;P15692
1TM3;1.57;06/10/04;2004;X-RAY DIFFRACTION;EI;345;P00782,Q40059
2VIS;3.25;12/22/97;1997;X-RAY DIFFRACTION;ABC;698;P03437,Q99LC4
3UII;2.6;11/04/11;2011;X-RAY DIFFRACTION;AP;139;P68431
4GU0;3.103;08/29/12;2012;X-RAY DIFFRACTION;AE;774;Q8NB78,P84243
1NMB;2.2;01/17/95;1995;X-RAY DIFFRACTION;HLN;619;P05803,A2NVF0
4MNQ;2.742;09/11/13;2013;X-RAY DIFFRACTION;ABCDE;825;K7N5N2,O14746,P01892,P61769,A0A585,P01850,H2RG00
2QJB;2.5;07/06/07;2007;X-RAY DIFFRACTION;ABC;292;P36894,A7L634,P12643
3KBH;3.31;10/20/09;2009;X-RAY DIFFRACTION;AE;703;Q6Q1S2,Q9BYF1
3RF3;1.61;04/05/11;2011;X-RAY DIFFRACTION;AC;280;P18010,P18206
4HSA;3.15;10/29/12;2012;X-RAY DIFFRACTION;ABC;485;Q16552,Q96F46
3BTQ;1.9;03/10/99;1999;X-RAY DIFFRACTION;EI;279;P00974,P00760
2B42;2.5;09/22/05;2005;X-RAY DIFFRACTION;AB;548;Q8H0K8,P18429
1VFB;1.8;12/03/93;1993;X-RAY DIFFRACTION;ABC;352;P01820,P01635,P00698
1SMF;2.1;10/24/92;1992;X-RAY DIFFRACTION;EI;232;P01062,P00760
1FR2;1.6;09/07/00;2000;X-RAY DIFFRACTION;AB;214;P13479,P09883
1QSE;2.8;06/21/99;1999;X-RAY DIFFRACTION;ABCDE;826;P61769,P01892
3BTM;1.8;03/10/99;1999;X-RAY DIFFRACTION;EI;279;P00974,P00760
3R9A;2.35;03/25/11;2011;X-RAY DIFFRACTION;ABC;1063;P21549,P50542
2GYK;1.6;05/09/06;2006;X-RAY DIFFRACTION;AB;213;P13479,P09883
1FY8;1.7;09/28/00;2000;X-RAY DIFFRACTION;EI;271;P00974,P00763
2J8U;2.88;10/27/06;2006;X-RAY DIFFRACTION;ABCEF;815;P01892,P04213,P61769,Q9NPA0,P01849
1FCC;3.2;01/17/95;1995;X-RAY DIFFRACTION;AC;262;P01857,P19909
1CHO;1.8;03/04/88;1988;X-RAY DIFFRACTION;EFGI;291;P68390,P00766
2NY7;2.3;11/20/06;2006;X-RAY DIFFRACTION;GHL;735;P04578,P01834
1LP9;2;05/07/02;2002;X-RAY DIFFRACTION;ABCEF;815;P01892,P04213,P61769,Q9NPA0,P01849
2HRK;2.05;07/20/06;2006;X-RAY DIFFRACTION;AB;298;P46672,P46655
2QJA;2.6;07/06/07;2007;X-RAY DIFFRACTION;ABC;293;P36894,P12643
3D5S;2.3;05/16/08;2008;X-RAY DIFFRACTION;AC;362;A6QG59
1JCK;3.5;10/22/96;1996;X-RAY DIFFRACTION;AB;477;P01851,P0A0L5
3SF4;2.6;06/12/11;2011;X-RAY DIFFRACTION;AD;400;P81274,Q1MX18
4J2L;3.15;02/04/13;2013;X-RAY DIFFRACTION;ACD;171;Q96RK0,P54253
3NVN;2.26;07/08/10;2010;X-RAY DIFFRACTION;AB;857;Q8JL80,O60486
1SGY;1.8;03/25/99;1999;X-RAY DIFFRACTION;EI;236;P68390,P00777
2C5D;3.3;10/26/05;2005;X-RAY DIFFRACTION;ABCD;1146;P30530,Q14393
3SEK;2.401;06/10/11;2011;X-RAY DIFFRACTION;BC;310;O95633,O08689
1TM4;1.7;06/10/04;2004;X-RAY DIFFRACTION;EI;345;P00782,Q40059
1XGP;2.1;09/17/04;2004;X-RAY DIFFRACTION;ABC;554;P01837,P00698,P01863
5C6T;3.6;06/23/15;2015;X-RAY DIFFRACTION;AHL;783;P13201
1SBN;2.1;12/20/91;1991;X-RAY DIFFRACTION;EI;338;P00782,P01051
1REW;1.863;11/07/03;2003;X-RAY DIFFRACTION;ABC;292;P36894,P12643
3F1S;2.3;10/28/08;2008;X-RAY DIFFRACTION;AB;644;P22891,Q9UK55
2UWE;2.4;03/20/07;2007;X-RAY DIFFRACTION;ABCEF;815;A0N8N6,P01892,P04213,P61769,Q9NPA0
3G6D;3.2;02/06/09;2009;X-RAY DIFFRACTION;AHL;539;P35225
4X4M;3.485;12/03/14;2014;X-RAY DIFFRACTION;ABE;693;P01857,P12314
3NCB;2.1;06/04/10;2010;X-RAY DIFFRACTION;AB;392;P16471,P01236
2BDN;2.53;10/20/05;2005;X-RAY DIFFRACTION;AHL;499;P13500
1AO7;2.6;07/21/97;1997;X-RAY DIFFRACTION;ABCDE;707;A0A5B9,P01848,P01892,P61769,P14079
2BTF;2.55;01/18/94;1994;X-RAY DIFFRACTION;AP;512;P02584,P60712
4P5T;3.263;03/19/14;2014;X-RAY DIFFRACTION;ABCD;813;P14434,P14483
2VLR;2.3;01/15/08;2008;X-RAY DIFFRACTION;ABCDE;824;P03485,P01848,P01892,P61769,P01850
4EKD;2.71;04/09/12;2012;X-RAY DIFFRACTION;AB;450;P21279,P41220
1GUA;2;06/18/96;1996;X-RAY DIFFRACTION;AB;243;P04049,P62834
5K39;1.98;05/19/16;2016;X-RAY DIFFRACTION;AB;320;A3DGE8
2PYE;2.3;05/16/07;2007;X-RAY DIFFRACTION;ABCDE;822;P01848,P01892,P61769,P01850,P78358
2I26;2.5;08/15/06;2006;X-RAY DIFFRACTION;LN;247;Q8JGG7,P00698
4LRX;3.25;07/21/13;2013;X-RAY DIFFRACTION;ABCD;1302;P76015,P76016
1B3S;2.39;12/01/98;1998;X-RAY DIFFRACTION;AD;200;P00648,P11540
3D3V;2.8;05/12/08;2008;X-RAY DIFFRACTION;ABCDE;828;P61769,P01892,P01850
1Y3C;1.69;11/24/04;2004;X-RAY DIFFRACTION;EI;345;P00782,Q40059
1N8O;2;11/21/02;2002;X-RAY DIFFRACTION;ABCE;375;P23827,P00766
3Q3J;1.971;12/21/10;2010;X-RAY DIFFRACTION;AB;277;O75051,Q92730
2AJF;2.9;08/01/05;2005;X-RAY DIFFRACTION;AE;771;Q9BYF1,P59594
3HG1;3;05/13/09;2009;X-RAY DIFFRACTION;ABCDE;824;P01848,Q8WLS4,P61769,P01850,Q16655
4HRN;2.65;10/28/12;2012;X-RAY DIFFRACTION;AD;191;P04626
3LNZ;1.95;02/03/10;2010;X-RAY DIFFRACTION;AB;96;Q00987,Q8WYJ3
1XGR;2.1;09/17/04;2004;X-RAY DIFFRACTION;ABC;554;P00698
3HH2;2.15;05/14/09;2009;X-RAY DIFFRACTION;ABC;496;O08689,P19883
2WPT;1.78;08/10/09;2009;X-RAY DIFFRACTION;AB;195;P04482,P09883
2AW2;2.8;08/31/05;2005;X-RAY DIFFRACTION;AB;210;Q7Z6A9,Q92956
1GRN;2.1;07/30/98;1998;X-RAY DIFFRACTION;AB;388;Q07960,P60953
1YQV;1.7;02/02/05;2005;X-RAY DIFFRACTION;HLY;555;P00698
3IDX;2.5;07/22/09;2009;X-RAY DIFFRACTION;GHL;749;Q6GMX0,P04578
4UYP;1.49;09/02/14;2014;X-RAY DIFFRACTION;AD;217;Q7WYN2,Q7WYN3
3BTD;1.9;03/11/99;1999;X-RAY DIFFRACTION;EI;279;P00974,P00760
4RS1;2.68;11/06/14;2014;X-RAY DIFFRACTION;AB;372;P04141,P15509
1C4Z;2.6;10/14/99;1999;X-RAY DIFFRACTION;ABCD;1194;Q05086,P68036
4KRL;2.849;05/16/13;2013;X-RAY DIFFRACTION;AB;327;P00533
1Y33;1.8;11/23/04;2004;X-RAY DIFFRACTION;EI;345;P00782,Q40059
3LZF;2.8;03/01/10;2010;X-RAY DIFFRACTION;ABHL;924;Q9WFX3,Q567P1
3MZW;2.9;05/13/10;2010;X-RAY DIFFRACTION;AB;622;P04626,P38507
1SIB;2.4;08/02/93;1993;X-RAY DIFFRACTION;EI;338;P00782,P01051
4OZG;3;02/16/14;2014;X-RAY DIFFRACTION;ABGHJ;808;P01909,Q2YD82,P01920,P18573,P01850,Q5Y7D3
1ACB;2;11/08/91;1991;X-RAY DIFFRACTION;EI;304;P01051,P00766
1A4Y;2;02/08/98;1998;X-RAY DIFFRACTION;AB;583;P13489,P03950
1CSO;1.9;08/18/99;1999;X-RAY DIFFRACTION;EI;236;P68390,P00777
4KRP;2.823;05/16/13;2013;X-RAY DIFFRACTION;AB;650;P00533
3BN9;2.173;12/13/07;2007;X-RAY DIFFRACTION;BCD;662;P01834,Q9Y5Y6,P01764,P01857
3EQS;1.65;10/01/08;2008;X-RAY DIFFRACTION;AB;95;Q00987
2NYY;2.61;11/21/06;2006;X-RAY DIFFRACTION;ACD;1700;P10845
2B2X;2.2;09/19/05;2005;X-RAY DIFFRACTION;AHL;608;P18614,Q5XFY8,P01868
2VLN;1.6;01/15/08;2008;X-RAY DIFFRACTION;AB;214;P13479,P09883
3WWN;1.85;06/21/14;2014;X-RAY DIFFRACTION;AB;317;O50147,Q9ZND7
3BTE;1.85;03/11/99;1999;X-RAY DIFFRACTION;EI;279;P00974,P00760
2JCC;2.5;12/21/06;2006;X-RAY DIFFRACTION;ABCEF;815;P61769,P01849,Q9NPA0,P01892
2G2W;1.8;02/16/06;2006;X-RAY DIFFRACTION;AB;429;P35804,P0AD64
1F5R;1.65;06/15/00;2000;X-RAY DIFFRACTION;AI;273;P00974,P00763
3BP8;2.85;12/18/07;2007;X-RAY DIFFRACTION;AC;456;P69786,Q1RBK5,P50456
3EG5;2.7;09/10/08;2008;X-RAY DIFFRACTION;AB;515;O08808,P60766
1SGN;1.8;03/25/99;1999;X-RAY DIFFRACTION;EI;236;P68390,P00777
1P69;3.1;04/29/03;2003;X-RAY DIFFRACTION;AB;309;P78310,P36711
2DSQ;2.8;07/05/06;2006;X-RAY DIFFRACTION;GI;122;P08833,Q9NP10,P22692,P05019
4N8V;2.5;10/18/13;2013;X-RAY DIFFRACTION;ABCG;573;P13746,P61769,P43631,Q76ZQ3
2O3B;2.3;12/01/06;2006;X-RAY DIFFRACTION;AB;376;P38446,Q7A260
1OGA;1.4;04/28/03;2003;X-RAY DIFFRACTION;ABCDE;826;P01848,P61769,P01892,P01850
3PWP;2.69;12/08/10;2010;X-RAY DIFFRACTION;ABCDE;829;P01848,P61769,P01892
2SIC;1.8;04/01/91;1991;X-RAY DIFFRACTION;EI;382;P00782,P01006
2JEL;2.5;02/24/98;1998;X-RAY DIFFRACTION;HLP;520;P0AA04,A2NHM3,P01868
4E6K;2;03/15/12;2012;X-RAY DIFFRACTION;ABG;371;Q9HY80,Q9HY79
3M62;2.4;03/15/10;2010;X-RAY DIFFRACTION;AB;1027;P54860,P32628
3M63;2.4;03/15/10;2010;X-RAY DIFFRACTION;AB;1025;P54860,P48510
4KRO;3.054;05/16/13;2013;X-RAY DIFFRACTION;AB;686;P00533
5E9D;2.51;10/15/15;2015;X-RAY DIFFRACTION;ABCDE;599;P61769,Q16655,P01892
1JTD;2.3;08/20/01;2001;X-RAY DIFFRACTION;AB;535;O87916,P62593
4ZS6;3.166;05/13/15;2015;X-RAY DIFFRACTION;AHL;638;W6A0A7
3SE8;1.895;06/10/11;2011;X-RAY DIFFRACTION;GHL;779;Q0ED31
2OI9;2.35;01/10/07;2007;X-RAY DIFFRACTION;ABCQ;405;P01738,P01897,A2NTY6
1LFD;2.1;04/29/98;1998;X-RAY DIFFRACTION;AB;254;P01112,Q03386
2FTL;1.62;01/24/06;2006;X-RAY DIFFRACTION;EI;280;P00974,P00760
2CCL;2.03;01/16/06;2006;X-RAY DIFFRACTION;AB;211;P51584,Q06851
2J1K;2.3;08/14/06;2006;X-RAY DIFFRACTION;CT;301;Q65914,P78310
1GC1;2.5;06/15/98;1998;X-RAY DIFFRACTION;CG;478;P04578,P01730
4YFD;3.253;02/25/15;2015;X-RAY DIFFRACTION;AB;813;Q64487,Q61730
5UFQ;2.199;01/05/17;2017;X-RAY DIFFRACTION;AC;222;P01116
2P5E;1.89;03/15/07;2007;X-RAY DIFFRACTION;ABCDE;820;P01848,P01892,P61769,P01850,P78358
1Y1K;1.56;11/18/04;2004;X-RAY DIFFRACTION;EI;345;P00782,Q40059
1BRS;2;03/11/94;1994;X-RAY DIFFRACTION;AD;195;P00648,P11540
1Y4A;1.6;11/30/04;2004;X-RAY DIFFRACTION;EI;338;P00782,Q40059
1HE8;3;11/20/00;2000;X-RAY DIFFRACTION;AB;915;P01112,P48736
2NOJ;2.7;10/25/06;2006;X-RAY DIFFRACTION;AB;335;P01024,Q6GA60
1FC2;2.8;05/21/81;1981;X-RAY DIFFRACTION;CD;251;P01857,P38507
3BTF;1.8;03/10/99;1999;X-RAY DIFFRACTION;EI;279;P00974,P00760
1MLC;2.5;03/10/95;1995;X-RAY DIFFRACTION;ABE;561;P01837,P01869,P00698
5M2O;1.26;10/13/16;2016;X-RAY DIFFRACTION;AB;211;A0AEF4
4P23;2.25;02/28/14;2014;X-RAY DIFFRACTION;ABCD;817;P14434,P14483
1WQJ;1.6;09/29/04;2004;X-RAY DIFFRACTION;BI;142;P22692,P05019
1Y3B;1.8;11/24/04;2004;X-RAY DIFFRACTION;EI;345;P00782,Q40059
3L5X;1.9;12/22/09;2009;X-RAY DIFFRACTION;AHL;538;P35225
2B0Z;2.7;09/15/05;2005;X-RAY DIFFRACTION;AB;402;P00044,P00431
3VR6;2.68;04/03/12;2012;X-RAY DIFFRACTION;ABCDEFGH;3397;P43455,Q08637,P43435,Q08636
1CT2;1.65;08/18/99;1999;X-RAY DIFFRACTION;EI;236;P68390,P00777
3NPS;1.5;06/29/10;2010;X-RAY DIFFRACTION;ABC;678;Q9Y5Y6
3N4I;1.56;05/21/10;2010;X-RAY DIFFRACTION;AB;430;P35804,P0AD64
3BTH;1.75;03/10/99;1999;X-RAY DIFFRACTION;EI;277;P00974,P00760
1SGE;1.8;03/25/99;1999;X-RAY DIFFRACTION;EI;236;P68390,P00777
1P6A;2.9;04/29/03;2003;X-RAY DIFFRACTION;AB;309;P78310,P36711
4G0N;2.45;07/09/12;2012;X-RAY DIFFRACTION;AB;242;P01112,P04049
1F47;1.95;06/07/00;2000;X-RAY DIFFRACTION;AB;161;P0A9A6,P77173
4L3E;2.557;06/05/13;2013;X-RAY DIFFRACTION;ABCDE;826;P61769,Q16655,P01892
1B2S;1.82;11/30/98;1998;X-RAY DIFFRACTION;AD;200;P00648,P11540
1EMV;1.7;03/20/00;2000;X-RAY DIFFRACTION;AB;214;P13479,P09883
1MAH;3.2;11/21/95;1995;X-RAY DIFFRACTION;AF;594;P21836,P0C1Z0
3UIH;2.4;11/04/11;2011;X-RAY DIFFRACTION;AP;140;Q9NR28,O15392
1N8Z;2.52;11/21/02;2002;X-RAY DIFFRACTION;ABC;1015;P04626
4JGH;3;03/01/13;2013;X-RAY DIFFRACTION;ABCD;731;O14508,P83940,Q93034,P62869
1CT4;1.6;08/18/99;1999;X-RAY DIFFRACTION;EI;236;P68390,P00777
3SE3;4.0001;06/10/11;2011;X-RAY DIFFRACTION;ABC;596;P01563,P17181,P48551
3U82;3.164;10/15/11;2011;X-RAY DIFFRACTION;AB;531;Q15223,Q69091
1MI5;2.5;08/21/02;2002;X-RAY DIFFRACTION;ABCDE;827;P30460,P01848,P61769,Q3KST2,P01850
1GCQ;1.68;08/08/00;2000;X-RAY DIFFRACTION;ABC;182;P62994,P62993,P27870
4Y61;3.358;02/12/15;2015;X-RAY DIFFRACTION;AB;626;Q64487,Q810C0
1DAN;2;03/05/97;1997;X-RAY DIFFRACTION;HLTU;577;P13726,P08709
1BP3;2.9;08/12/98;1998;X-RAY DIFFRACTION;AB;383;P16471,P01241
1SBB;2.4;02/22/99;1999;X-RAY DIFFRACTION;AB;477;P01552,P01852
4JFD;2.46;02/28/13;2013;X-RAY DIFFRACTION;ABCDE;827;P01848,P61769,P01892,P01850
2OOB;1.9;01/25/07;2007;X-RAY DIFFRACTION;AB;116;P0CH28,Q13191
2QJ9;2.44;07/06/07;2007;X-RAY DIFFRACTION;ABC;293;P36894,A7L634,P12643,E9PW65
3KUD;2.15;11/27/09;2009;X-RAY DIFFRACTION;AB;241;P01112,P04049
1KTZ;2.15;01/18/02;2002;X-RAY DIFFRACTION;AB;188;P10600,P37173
1KIR;2;10/23/96;1996;X-RAY DIFFRACTION;ABC;352;Q920E6,P01820,P00698
4FTV;2.74;06/28/12;2012;X-RAY DIFFRACTION;ABCDE;829;P61769,P01892,P0C213
4YEB;3.19;02/23/15;2015;X-RAY DIFFRACTION;AB;588;Q80TS3,Q8BGT1
4L0P;2.26;05/31/13;2013;X-RAY DIFFRACTION;AB;314;P29320,P52803
1S1Q;2;01/07/04;2004;X-RAY DIFFRACTION;AB;213;P0CG48,Q99816,P62972
3BT1;2.8;12/27/07;2007;X-RAY DIFFRACTION;AU;398;P04004,Q03405,P00749
2A9K;1.73;07/12/05;2005;X-RAY DIFFRACTION;AB;377;P11233,P15879
2C0L;2.3;09/05/05;2005;X-RAY DIFFRACTION;AB;414;P22307,P50542
4PWX;5.4;03/21/14;2014;X-RAY DIFFRACTION;ABCD;921;Q12154,Q12285,Q12125
